IndicatorCode,Indicator,ValueType,ParentLocationCode,ParentLocation,Location type,SpatialDimValueCode,Location,Period type,Period,IsLatestYear,Dim1 type,Dim1,Dim1ValueCode,Dim2 type,Dim2,Dim2ValueCode,Dim3 type,Dim3,Dim3ValueCode,DataSourceDimValueCode,DataSource,FactValueNumericPrefix,FactValueNumeric,FactValueUoM,FactValueNumericLowPrefix,FactValueNumericLow,FactValueNumericHighPrefix,FactValueNumericHigh,Value,FactValueTranslationID,FactComments,Language,DateModified
HWF_0024,Community Health Workers (number),numeric,AFR,Africa,Country,MWI,Malawi,Year,2022,true,,,,,,,,,,,,,10747.00,,,,,,10 747,,,EN,2024-05-20 00:00:00
HWF_0024,Community Health Workers (number),numeric,AFR,Africa,Country,GNQ,Equatorial Guinea,Year,2022,true,,,,,,,,,,,,,146.00,,,,,,146,,,EN,2024-05-20 00:00:00
HWF_0024,Community Health Workers (number),numeric,AFR,Africa,Country,NGA,Nigeria,Year,2022,true,,,,,,,,,,,,,154477.00,,,,,,154 477,,,EN,2024-05-20 00:00:00
HWF_0024,Community Health Workers (number),numeric,AFR,Africa,Country,CPV,Cabo Verde,Year,2022,true,,,,,,,,,,,,,155.00,,,,,,155,,,EN,2024-05-20 00:00:00
HWF_0024,Community Health Workers (number),numeric,AFR,Africa,Country,SEN,Senegal,Year,2022,true,,,,,,,,,,,,,18757.00,,,,,,18 757,,,EN,2024-05-20 00:00:00
HWF_0024,Community Health Workers (number),numeric,AFR,Africa,Country,ZWE,Zimbabwe,Year,2022,true,,,,,,,,,,,,,19722.00,,,,,,19 722,,,EN,2024-05-20 00:00:00
HWF_0024,Community Health Workers (number),numeric,AFR,Africa,Country,TZA,United Republic of Tanzania,Year,2022,true,,,,,,,,,,,,,20737.00,,,,,,20 737,,Value obtained from Practising,EN,2024-05-20 00:00:00
HWF_0024,Community Health Workers (number),numeric,AFR,Africa,Country,BEN,Benin,Year,2022,true,,,,,,,,,,,,,21.00,,,,,,21,,,EN,2024-05-20 00:00:00
HWF_0024,Community Health Workers (number),numeric,AFR,Africa,Country,NER,Niger,Year,2022,true,,,,,,,,,,,,,2239.00,,,,,,2239,,,EN,2024-05-20 00:00:00
HWF_0024,Community Health Workers (number),numeric,AFR,Africa,Country,ZMB,Zambia,Year,2022,true,,,,,,,,,,,,,2421.00,,,,,,2421,,,EN,2024-05-20 00:00:00
HWF_0024,Community Health Workers (number),numeric,AFR,Africa,Country,ERI,Eritrea,Year,2022,true,,,,,,,,,,,,,2626.00,,,,,,2626,,,EN,2024-05-20 00:00:00
HWF_0024,Community Health Workers (number),numeric,EUR,Europe,Country,ISR,Israel,Year,2022,true,,,,,,,,,,,,,300.00,,,,,,300,,,EN,2024-05-20 00:00:00
HWF_0024,Community Health Workers (number),numeric,AMR,Americas,Country,SLV,El Salvador,Year,2022,true,,,,,,,,,,,,,3059.00,,,,,,3059,,,EN,2024-05-20 00:00:00
HWF_0024,Community Health Workers (number),numeric,AFR,Africa,Country,CMR,Cameroon,Year,2022,true,,,,,,,,,,,,,310.00,,,,,,310,,,EN,2024-05-20 00:00:00
HWF_0024,Community Health Workers (number),numeric,AFR,Africa,Country,BFA,Burkina Faso,Year,2022,true,,,,,,,,,,,,,3145.00,,,,,,3145,,,EN,2024-05-20 00:00:00
HWF_0024,Community Health Workers (number),numeric,AFR,Africa,Country,GNB,Guinea-Bissau,Year,2022,true,,,,,,,,,,,,,3975.00,,,,,,3975,,,EN,2024-05-20 00:00:00
HWF_0024,Community Health Workers (number),numeric,AFR,Africa,Country,ETH,Ethiopia,Year,2022,true,,,,,,,,,,,,,41101.00,,,,,,41 101,,,EN,2024-05-20 00:00:00
HWF_0024,Community Health Workers (number),numeric,AFR,Africa,Country,AGO,Angola,Year,2022,true,,,,,,,,,,,,,5.00,,,,,,5,,,EN,2024-05-20 00:00:00
HWF_0024,Community Health Workers (number),numeric,SEAR,South-East Asia,Country,IDN,Indonesia,Year,2022,true,,,,,,,,,,,,,503208.00,,,,,,503 208,,,EN,2024-05-20 00:00:00
HWF_0024,Community Health Workers (number),numeric,AFR,Africa,Country,ZAF,South Africa,Year,2022,true,,,,,,,,,,,,,63290.00,,,,,,63 290,,Value obtained from Licensed to Practice,EN,2024-05-20 00:00:00
HWF_0024,Community Health Workers (number),numeric,AFR,Africa,Country,MOZ,Mozambique,Year,2022,true,,,,,,,,,,,,,6992.00,,,,,,6992,,,EN,2024-05-20 00:00:00
HWF_0024,Community Health Workers (number),numeric,AFR,Africa,Country,KEN,Kenya,Year,2022,true,,,,,,,,,,,,,86423.00,,,,,,86 423,,,EN,2024-05-20 00:00:00
HWF_0024,Community Health Workers (number),numeric,AFR,Africa,Country,MUS,Mauritius,Year,2022,true,,,,,,,,,,,,,916.00,,,,,,916,,,EN,2024-05-20 00:00:00
HWF_0024,Community Health Workers (number),numeric,AFR,Africa,Country,LSO,Lesotho,Year,2022,true,,,,,,,,,,,,,9196.00,,,,,,9196,,Value obtained from Practising,EN,2024-05-20 00:00:00
HWF_0024,Community Health Workers (number),numeric,AFR,Africa,Country,GAB,Gabon,Year,2022,true,,,,,,,,,,,,,98.00,,,,,,98,,,EN,2024-05-20 00:00:00
HWF_0024,Community Health Workers (number),numeric,AMR,Americas,Country,PRY,Paraguay,Year,2021,true,,,,,,,,,,,,,1089.00,,,,,,1089,,,EN,2024-05-20 00:00:00
HWF_0024,Community Health Workers (number),numeric,AMR,Americas,Country,SUR,Suriname,Year,2021,true,,,,,,,,,,,,,129.00,,,,,,129,,,EN,2024-05-20 00:00:00
HWF_0024,Community Health Workers (number),numeric,AMR,Americas,Country,PAN,Panama,Year,2021,true,,,,,,,,,,,,,158.00,,,,,,158,,,EN,2024-05-20 00:00:00
HWF_0024,Community Health Workers (number),numeric,AFR,Africa,Country,CAF,Central African Republic,Year,2021,true,,,,,,,,,,,,,1595.00,,,,,,1595,,,EN,2024-05-20 00:00:00
HWF_0024,Community Health Workers (number),numeric,AFR,Africa,Country,SEN,Senegal,Year,2021,false,,,,,,,,,,,,,16443.00,,,,,,16 443,,,EN,2024-05-20 00:00:00
HWF_0024,Community Health Workers (number),numeric,AFR,Africa,Country,BEN,Benin,Year,2021,false,,,,,,,,,,,,,21.00,,,,,,21,,,EN,2024-05-20 00:00:00
HWF_0024,Community Health Workers (number),numeric,AFR,Africa,Country,ERI,Eritrea,Year,2021,false,,,,,,,,,,,,,2626.00,,,,,,2626,,,EN,2024-05-20 00:00:00
HWF_0024,Community Health Workers (number),numeric,AFR,Africa,Country,BFA,Burkina Faso,Year,2021,false,,,,,,,,,,,,,2947.00,,,,,,2947,,,EN,2024-05-20 00:00:00
HWF_0024,Community Health Workers (number),numeric,SEAR,South-East Asia,Country,IDN,Indonesia,Year,2021,false,,,,,,,,,,,,,40175.00,,,,,,40 175,,,EN,2024-05-20 00:00:00
HWF_0024,Community Health Workers (number),numeric,AFR,Africa,Country,MDG,Madagascar,Year,2021,true,,,,,,,,,,,,,41616.00,,,,,,41 616,,Source: AU CHW survey. Includes Agents Communautaires,EN,2024-05-20 00:00:00
HWF_0024,Community Health Workers (number),numeric,AFR,Africa,Country,ETH,Ethiopia,Year,2021,false,,,,,,,,,,,,,42630.00,,,,,,42 630,,,EN,2024-05-20 00:00:00
HWF_0024,Community Health Workers (number),numeric,WPR,Western Pacific,Country,PNG,Papua New Guinea,Year,2021,true,,,,,,,,,,,,,6690.00,,,,,,6690,,Reported by NHWA FP,EN,2024-05-20 00:00:00
HWF_0024,Community Health Workers (number),numeric,AFR,Africa,Country,MOZ,Mozambique,Year,2021,false,,,,,,,,,,,,,7329.00,,,,,,7329,,,EN,2024-05-20 00:00:00
HWF_0024,Community Health Workers (number),numeric,AFR,Africa,Country,TGO,Togo,Year,2021,true,,,,,,,,,,,,,7500.00,,,,,,7500,,,EN,2024-05-20 00:00:00
HWF_0024,Community Health Workers (number),numeric,AFR,Africa,Country,NGA,Nigeria,Year,2021,false,,,,,,,,,,,,,7912.00,,,,,,7912,,Reported by FP Hadiza Dako,EN,2024-05-20 00:00:00
HWF_0024,Community Health Workers (number),numeric,AFR,Africa,Country,TCD,Chad,Year,2021,true,,,,,,,,,,,,,8077.00,,,,,,8077,,les informations varient d'un service Ã  un autre donc les donnÃ©es saisies ont Ã©tÃ© supprimÃ©es.,EN,2024-05-20 00:00:00
HWF_0024,Community Health Workers (number),numeric,AFR,Africa,Country,KEN,Kenya,Year,2021,false,,,,,,,,,,,,,86490.00,,,,,,86 490,,,EN,2024-05-20 00:00:00
HWF_0024,Community Health Workers (number),numeric,SEAR,South-East Asia,Country,IND,India,Year,2020,true,,,,,,,,,,,,,1097609.00,,,,,,1 097 609,,,EN,2024-05-20 00:00:00
HWF_0024,Community Health Workers (number),numeric,EMR,Eastern Mediterranean,Country,MAR,Morocco,Year,2020,true,,,,,,,,,,,,,1061.00,,,,,,1061,,"Source: AU CHW survey. (198 (PACT Project initiative en 2021) + 863 (SAMU-OR en 2017)) Includes agents de santÃ© communautaire, personne relais communautaire, agent de dÃ©veloppement communautaire, volontaire communautaire",EN,2024-05-20 00:00:00
HWF_0024,Community Health Workers (number),numeric,WPR,Western Pacific,Country,PLW,Palau,Year,2020,true,,,,,,,,,,,,,11.00,,,,,,11,,,EN,2024-05-20 00:00:00
HWF_0024,Community Health Workers (number),numeric,AFR,Africa,Country,BDI,Burundi,Year,2020,true,,,,,,,,,,,,,11845.00,,,,,,11 845,,"Source: AU CHW survey. Includes agents de santÃ© communautaires, abaremeshakiyago",EN,2024-05-20 00:00:00
HWF_0024,Community Health Workers (number),numeric,AFR,Africa,Country,GAB,Gabon,Year,2020,false,,,,,,,,,,,,,110.00,,,,,,110,,,EN,2024-05-20 00:00:00
HWF_0024,Community Health Workers (number),numeric,AFR,Africa,Country,LBR,Liberia,Year,2020,true,,,,,,,,,,,,,12625.00,,,,,,12 625,,"Source: AU CHW survey. Includes 365 community health services supervisors (CHSSs), 3760 community health assistants (CHAs), 5000 community health volunteers (CHVs) and 3500 trained traditional midwives (TTMs).",EN,2024-05-20 00:00:00
HWF_0024,Community Health Workers (number),numeric,AFR,Africa,Country,SLE,Sierra Leone,Year,2020,true,,,,,,,,,,,,,13966.00,,,,,,13 966,,,EN,2024-05-20 00:00:00
HWF_0024,Community Health Workers (number),numeric,SEAR,South-East Asia,Country,BGD,Bangladesh,Year,2020,true,,,,,,,,,,,,,148713.00,,,,,,148 713,,,EN,2024-05-20 00:00:00
HWF_0024,Community Health Workers (number),numeric,EMR,Eastern Mediterranean,Country,SOM,Somalia,Year,2020,true,,,,,,,,,,,,,1535.00,,,,,,1535,,"Source: AU CHW survey. Includes Community Health Worker(PHC), female health worker at community level (house-hold)",EN,2024-05-20 00:00:00
HWF_0024,Community Health Workers (number),numeric,AFR,Africa,Country,CMR,Cameroon,Year,2020,false,,,,,,,,,,,,,154.00,,,,,,154,,,EN,2024-05-20 00:00:00
HWF_0024,Community Health Workers (number),numeric,AFR,Africa,Country,MUS,Mauritius,Year,2020,false,,,,,,,,,,,,,163.00,,,,,,163,,"Source: AU CHW survey. Includes Community Health Care officer, Community Based Rehabilitation Officer, Motivator (COmmunity Health ), Community Health Development Officer, senior community health officer, community health rehabilitation officer, principal community health care officer, senior community health care officer, community health care officer, motivator (community health), community health development motivator",EN,2024-05-20 00:00:00
HWF_0024,Community Health Workers (number),numeric,AFR,Africa,Country,NER,Niger,Year,2020,false,,,,,,,,,,,,,21429.00,,,,,,21 429,,"Source: AU CHW survey. Includes Relais Communautaires, community mediator, peer educator, community facilitator",EN,2024-05-20 00:00:00
HWF_0024,Community Health Workers (number),numeric,SEAR,South-East Asia,Country,MDV,Maldives,Year,2020,true,,,,,,,,,,,,,224.00,,,,,,224,,,EN,2024-05-20 00:00:00
HWF_0024,Community Health Workers (number),numeric,AMR,Americas,Country,GTM,Guatemala,Year,2020,true,,,,,,,,,,,,,225.00,,,,,,225,,Personal tÃ©cnico no universitario registrado durante los Ãºltimos 10 aÃ±os -TSR-. Departamento de FormaciÃ³n de Recursos Humanos. Ministerio de Salud PÃºblica y Asistencia Social.,EN,2024-05-20 00:00:00
HWF_0024,Community Health Workers (number),numeric,AFR,Africa,Country,AGO,Angola,Year,2020,false,,,,,,,,,,,,,2652.00,,,,,,2652,,Source: AU CHW survey. Includes agentes de desenvolvimento comunitÃ¡rio e sanitÃ¡rio/agent de dÃ©vellopeent communautaire et sanitaire,EN,2024-05-20 00:00:00
HWF_0024,Community Health Workers (number),numeric,AFR,Africa,Country,SSD,South Sudan,Year,2020,true,,,,,,,,,,,,,2826.00,,,,,,2826,,Source: AU CHW survey. Includes Boma health workers.,EN,2024-05-20 00:00:00
HWF_0024,Community Health Workers (number),numeric,AFR,Africa,Country,BFA,Burkina Faso,Year,2020,false,,,,,,,,,,,,,2923.00,,,,,,2923,,,EN,2024-05-20 00:00:00
HWF_0024,Community Health Workers (number),numeric,EUR,Europe,Country,ISR,Israel,Year,2020,false,,,,,,,,,,,,,300.00,,,,,,300,,,EN,2024-05-20 00:00:00
HWF_0024,Community Health Workers (number),numeric,AFR,Africa,Country,MLI,Mali,Year,2020,true,,,,,,,,,,,,,3303.00,,,,,,3303,,Source: AU CHW survey. Includes Soins Essentiels dans la CommunautÃ© (SEC),EN,2024-05-20 00:00:00
HWF_0024,Community Health Workers (number),numeric,AFR,Africa,Country,GNB,Guinea-Bissau,Year,2020,false,,,,,,,,,,,,,3711.00,,,,,,3711,,,EN,2024-05-20 00:00:00
HWF_0024,Community Health Workers (number),numeric,AFR,Africa,Country,MDG,Madagascar,Year,2020,false,,,,,,,,,,,,,41616.00,,,,,,41 616,,,EN,2024-05-20 00:00:00
HWF_0024,Community Health Workers (number),numeric,AFR,Africa,Country,ZMB,Zambia,Year,2020,false,,,,,,,,,,,,,41669.00,,,,,,41 669,,Source: AU CHW survey. Includes 1669 community health assistants (formal) and an estimated 40000 community based volunteers (informal)  Source: National Community Health Strategy (2019-2021) https://chwcentral.org/wp-content/uploads/2021/04/Zambia_Nat'l_Community_Health_Strategy_2019-2021.pdf,EN,2024-05-20 00:00:00
HWF_0024,Community Health Workers (number),numeric,AFR,Africa,Country,ETH,Ethiopia,Year,2020,false,,,,,,,,,,,,,42630.00,,,,,,42 630,,,EN,2024-05-20 00:00:00
HWF_0024,Community Health Workers (number),numeric,SEAR,South-East Asia,Country,TLS,Timor-Leste,Year,2020,true,,,,,,,,,,,,,4450.00,,,,,,4450,,,EN,2024-05-20 00:00:00
HWF_0024,Community Health Workers (number),numeric,SEAR,South-East Asia,Country,IDN,Indonesia,Year,2020,false,,,,,,,,,,,,,45709.00,,,,,,45 709,,,EN,2024-05-20 00:00:00
HWF_0024,Community Health Workers (number),numeric,EUR,Europe,Country,CYP,Cyprus,Year,2020,true,,,,,,,,,,,,,51.00,,,,,,51,,,EN,2024-05-20 00:00:00
HWF_0024,Community Health Workers (number),numeric,SEAR,South-East Asia,Country,NPL,Nepal,Year,2020,true,,,,,,,,,,,,,51240.00,,,,,,51 240,,"Source: Data for female community health volunteers from Nepal Country Profile, UNICEF ROSA CHW evaluation. https://www.unicef.org/rosa/documents/formative-evaluation-community-health-workers-policies-and-programmes",EN,2024-05-20 00:00:00
HWF_0024,Community Health Workers (number),numeric,AFR,Africa,Country,SWZ,Eswatini,Year,2020,true,,,,,,,,,,,,,5386.00,,,,,,5386,,"Source: AU CHW survey. Includes Community health workers, rural health mothers, community mentor mothers, community expert client, home visitors, mentors, active tuberculosis case finders, home based care givers, community service providers for gender based violence and other social services",EN,2024-05-20 00:00:00
HWF_0024,Community Health Workers (number),numeric,AFR,Africa,Country,RWA,Rwanda,Year,2020,true,,,,,,,,,,,,,58567.00,,,,,,58 567,,"Source: AU CHW survey. Includes Maternal and newborn health in charge, binomes (under5 treatment), health promotor",EN,2024-05-20 00:00:00
HWF_0024,Community Health Workers (number),numeric,AFR,Africa,Country,TCD,Chad,Year,2020,false,,,,,,,,,,,,,592.00,,,,,,592,,,EN,2024-05-20 00:00:00
HWF_0024,Community Health Workers (number),numeric,AFR,Africa,Country,ERI,Eritrea,Year,2020,false,,,,,,,,,,,,,6000.00,,,,,,6000,,"Source: AU CHW survey. Estimated value. Includes Barefoot Doctors, community IMNCI providers, community-based therapeutic feeding agents, malaria agents, maternal health agents, tb promotors, WASH promotors, peer coordinators, peer facilitators, health promotors",EN,2024-05-20 00:00:00
HWF_0024,Community Health Workers (number),numeric,AFR,Africa,Country,MOZ,Mozambique,Year,2020,false,,,,,,,,,,,,,6696.00,,,,,,6696,,,EN,2024-05-20 00:00:00
HWF_0024,Community Health Workers (number),numeric,AFR,Africa,Country,TGO,Togo,Year,2020,false,,,,,,,,,,,,,7386.00,,,,,,7386,,"Source: AU CHW survey. Includes volontaire, mÃ©diateurs communautaires, distributeurs communautaires",EN,2024-05-20 00:00:00
HWF_0024,Community Health Workers (number),numeric,AMR,Americas,Country,PAN,Panama,Year,2020,false,,,,,,,,,,,,,816.00,,,,,,816,,,EN,2024-05-20 00:00:00
HWF_0024,Community Health Workers (number),numeric,AFR,Africa,Country,KEN,Kenya,Year,2020,false,,,,,,,,,,,,,91653.00,,,,,,91 653,,Source: Kenya National Community Health Strategy 2020-25. Includes 3250 community health assistants and community health officers and 88403 community health volunteers,EN,2024-05-20 00:00:00
HWF_0024,Community Health Workers (number),numeric,AFR,Africa,Country,SEN,Senegal,Year,2019,false,,,,,,,,,,,,,1116.00,,,,,,1116,,Source: SoWMY-Excel,EN,2024-05-20 00:00:00
HWF_0024,Community Health Workers (number),numeric,AFR,Africa,Country,NGA,Nigeria,Year,2019,false,,,,,,,,,,,,,116454.00,,,,,,116 454,,,EN,2024-05-20 00:00:00
HWF_0024,Community Health Workers (number),numeric,AFR,Africa,Country,GAB,Gabon,Year,2019,false,,,,,,,,,,,,,117.00,,,,,,117,,,EN,2024-05-20 00:00:00
HWF_0024,Community Health Workers (number),numeric,SEAR,South-East Asia,Country,BGD,Bangladesh,Year,2019,false,,,,,,,,,,,,,118145.00,,,,,,118 145,,"Includes 68145 CHWs from Govt of Bangladesh (19583 family welfare assistants, 15213 health assistants, 12293 community health care providers, 21056 multipurpose health volunteers) and 50000 CHWs from BRAC.  Source: Bangladesh Country Profile. UNICEF ROSA CHW evaluation. https://www.unicef.org/rosa/documents/formative-evaluation-community-health-workers-policies-and-programmes",EN,2024-05-20 00:00:00
HWF_0024,Community Health Workers (number),numeric,AFR,Africa,Country,SLE,Sierra Leone,Year,2019,false,,,,,,,,,,,,,15000.00,,,,,,15 000,,,EN,2024-05-20 00:00:00
HWF_0024,Community Health Workers (number),numeric,EUR,Europe,Country,ISR,Israel,Year,2019,false,,,,,,,,,,,,,150.00,,,,,,150,,,EN,2024-05-20 00:00:00
HWF_0024,Community Health Workers (number),numeric,AFR,Africa,Country,UGA,Uganda,Year,2019,true,,,,,,,,,,,,,179000.00,,,,,,179 000,,Source: Ministry of Health (2019). Community Health Roadmap. https://static1.squarespace.com/static/5bb6ac499d4149304f7ef3f5/t/5d8a5a9db47a190fe2846791/1569348261208/Uganda+CH+Roadmap_Updated+20+September_FINAL.pdf,EN,2024-05-20 00:00:00
HWF_0024,Community Health Workers (number),numeric,EMR,Eastern Mediterranean,Country,PAK,Pakistan,Year,2019,true,,,,,,,,,,,,,18009.00,,,,,,18 009,,Source: SoWMY-Excel Comment: Community Health Workers (Lady Health Visitors LHV)  and Community Health Workers (Family Welfare Workers FWW),EN,2024-05-20 00:00:00
HWF_0024,Community Health Workers (number),numeric,AFR,Africa,Country,ZMB,Zambia,Year,2019,false,,,,,,,,,,,,,1846.00,,,,,,1846,,Data reported by Zambia to SADC and WHO in June 2022,EN,2024-05-20 00:00:00
HWF_0024,Community Health Workers (number),numeric,AMR,Americas,Country,PRY,Paraguay,Year,2019,false,,,,,,,,,,,,,1877.00,,,,,,1877,,Source: SoWMY- Excel,EN,2024-05-20 00:00:00
HWF_0024,Community Health Workers (number),numeric,SEAR,South-East Asia,Country,MDV,Maldives,Year,2019,false,,,,,,,,,,,,,215.00,,,,,,215,,,EN,2024-05-20 00:00:00
HWF_0024,Community Health Workers (number),numeric,EUR,Europe,Country,MDA,Republic of Moldova,Year,2019,true,,,,,,,,,,,,,228.00,,,,,,228,,,EN,2024-05-20 00:00:00
HWF_0024,Community Health Workers (number),numeric,WPR,Western Pacific,Country,PHL,Philippines,Year,2019,true,,,,,,,,,,,,,248584.00,,,,,,248 584,,"Source:  Field Health Services Information Systems (FHSIS), 2018    Definition:  Barangay Health Workers  Based on the Republic Act No. 7883, known as the Barangay Health Workersâ€™ Benefits and Incentives Act of 1995, a barangay health worker refers to a person who has undergone training programs under any accredited government and non-government organization and who voluntarily renders primary health care services in the community after having been accredited to function as such by the local health board in accordance with the guidelines promulgated by the Department of Health (DOH).    Computation:  Total number of active Barangay Health Workers as reported in the FHSIS 2018",EN,2024-05-20 00:00:00
HWF_0024,Community Health Workers (number),numeric,AMR,Americas,Country,PAN,Panama,Year,2019,false,,,,,,,,,,,,,272.00,,,,,,272,,,EN,2024-05-20 00:00:00
HWF_0024,Community Health Workers (number),numeric,AMR,Americas,Country,DOM,Dominican Republic,Year,2019,true,,,,,,,,,,,,,2726.00,,,,,,2726,,Reported by NHWA FP,EN,2024-05-20 00:00:00
HWF_0024,Community Health Workers (number),numeric,AMR,Americas,Country,BRA,Brazil,Year,2019,true,,,,,,,,,,,,,281207.00,,,,,,281 207,,Brazilian Classification of Ocupation:   5151-05    The professioanls doesn't reccieve a technical training.   Source; MOH/CNES,EN,2024-05-20 00:00:00
HWF_0024,Community Health Workers (number),numeric,AFR,Africa,Country,BFA,Burkina Faso,Year,2019,false,,,,,,,,,,,,,2979.00,,,,,,2979,,,EN,2024-05-20 00:00:00
HWF_0024,Community Health Workers (number),numeric,AMR,Americas,Country,ATG,Antigua and Barbuda,Year,2019,true,,,,,,,,,,,,,34.00,,,,,,34,,Source:SoWMY-Excel,EN,2024-05-20 00:00:00
HWF_0024,Community Health Workers (number),numeric,AFR,Africa,Country,MDG,Madagascar,Year,2019,false,,,,,,,,,,,,,38338.00,,,,,,38 338,,Source: AU CHW survey. Includes Agents Communautaires. Estimated value.,EN,2024-05-20 00:00:00
HWF_0024,Community Health Workers (number),numeric,SEAR,South-East Asia,Country,THA,Thailand,Year,2019,true,,,,,,,,,,,,,39928.00,,,,,,39 928,,,EN,2024-05-20 00:00:00
HWF_0024,Community Health Workers (number),numeric,WPR,Western Pacific,Country,PNG,Papua New Guinea,Year,2019,false,,,,,,,,,,,,,4532.00,,,,,,4532,,,EN,2024-05-20 00:00:00
HWF_0024,Community Health Workers (number),numeric,SEAR,South-East Asia,Country,NPL,Nepal,Year,2019,false,,,,,,,,,,,,,50166.00,,,,,,50 166,,"Source: Data for female community health volunteers from Nepal Country Profile, UNICEF ROSA CHW evaluation. https://www.unicef.org/rosa/documents/formative-evaluation-community-health-workers-policies-and-programmes",EN,2024-05-20 00:00:00
HWF_0024,Community Health Workers (number),numeric,EUR,Europe,Country,HUN,Hungary,Year,2019,true,,,,,,,,,,,,,5335.00,,,,,,5335,,Source: SoWMY-Excel,EN,2024-05-20 00:00:00
HWF_0024,Community Health Workers (number),numeric,SEAR,South-East Asia,Country,IDN,Indonesia,Year,2019,false,,,,,,,,,,,,,54704.00,,,,,,54 704,,,EN,2024-05-20 00:00:00
HWF_0024,Community Health Workers (number),numeric,AFR,Africa,Country,MOZ,Mozambique,Year,2019,false,,,,,,,,,,,,,6632.00,,,,,,6632,,,EN,2024-05-20 00:00:00
HWF_0024,Community Health Workers (number),numeric,WPR,Western Pacific,Country,LAO,Lao People's Democratic Republic,Year,2019,true,,,,,,,,,,,,,75.00,,,,,,75,,Source: SoWMY-Excel,EN,2024-05-20 00:00:00
HWF_0024,Community Health Workers (number),numeric,AFR,Africa,Country,SSD,South Sudan,Year,2019,false,,,,,,,,,,,,,850.00,,,,,,850,,,EN,2024-05-20 00:00:00
HWF_0024,Community Health Workers (number),numeric,EUR,Europe,Country,CYP,Cyprus,Year,2019,false,,,,,,,,,,,,,99.00,,,,,,99,,Source: SoWMY-Excel,EN,2024-05-20 00:00:00
HWF_0024,Community Health Workers (number),numeric,SEAR,South-East Asia,Country,THA,Thailand,Year,2018,false,,,,,,,,,,,,,1064434.00,,,,,,1 064 434,,,EN,2024-05-20 00:00:00
HWF_0024,Community Health Workers (number),numeric,AFR,Africa,Country,MWI,Malawi,Year,2018,false,,,,,,,,,,,,,10016.00,,,,,,10 016,,"Source:The state of the health workforce in the WHO African Region, 2021 report",EN,2024-05-20 00:00:00
HWF_0024,Community Health Workers (number),numeric,EUR,Europe,Country,ISR,Israel,Year,2018,false,,,,,,,,,,,,,100.00,,,,,,100,,,EN,2024-05-20 00:00:00
HWF_0024,Community Health Workers (number),numeric,AFR,Africa,Country,BDI,Burundi,Year,2018,false,,,,,,,,,,,,,11845.00,,,,,,11 845,,"Source:The state of the health workforce in the WHO African Region, 2021 report",EN,2024-05-20 00:00:00
HWF_0024,Community Health Workers (number),numeric,AMR,Americas,Country,JAM,Jamaica,Year,2018,true,,,,,,,,,,,,,1106.00,,,,,,1106,,Reported by NHWA FP,EN,2024-05-20 00:00:00
HWF_0024,Community Health Workers (number),numeric,AFR,Africa,Country,CAF,Central African Republic,Year,2018,false,,,,,,,,,,,,,115.00,,,,,,115,,"Source:The state of the health workforce in the WHO African Region, 2021 report",EN,2024-05-20 00:00:00
HWF_0024,Community Health Workers (number),numeric,SEAR,South-East Asia,Country,BTN,Bhutan,Year,2018,true,,,,,,,,,,,,,1150.00,,,,,,1150,,"Source: Data for village health workers from Bhutan Country Profile, UNICEF ROSA CHW evaluation. https://www.unicef.org/rosa/documents/formative-evaluation-community-health-workers-policies-and-programmes",EN,2024-05-20 00:00:00
HWF_0024,Community Health Workers (number),numeric,AFR,Africa,Country,MLI,Mali,Year,2018,false,,,,,,,,,,,,,1152.00,,,,,,1152,,"Source:The state of the health workforce in the WHO African Region, 2021 report",EN,2024-05-20 00:00:00
HWF_0024,Community Health Workers (number),numeric,AFR,Africa,Country,NGA,Nigeria,Year,2018,false,,,,,,,,,,,,,116454.00,,,,,,116 454,,,EN,2024-05-20 00:00:00
HWF_0024,Community Health Workers (number),numeric,AFR,Africa,Country,CPV,Cabo Verde,Year,2018,false,,,,,,,,,,,,,117.00,,,,,,117,,"Source:The state of the health workforce in the WHO African Region, 2021 report",EN,2024-05-20 00:00:00
HWF_0024,Community Health Workers (number),numeric,AFR,Africa,Country,ZMB,Zambia,Year,2018,false,,,,,,,,,,,,,1283.00,,,,,,1283,,Data reported by Zambia to SADC and WHO in June 2022,EN,2024-05-20 00:00:00
HWF_0024,Community Health Workers (number),numeric,AFR,Africa,Country,LSO,Lesotho,Year,2018,false,,,,,,,,,,,,,14508.00,,,,,,14 508,,"Source:The state of the health workforce in the WHO African Region, 2021 report",EN,2024-05-20 00:00:00
HWF_0024,Community Health Workers (number),numeric,AFR,Africa,Country,CIV,Cote d'Ivoire,Year,2018,true,,,,,,,,,,,,,14556.00,,,,,,14 556,,"Source:The state of the health workforce in the WHO African Region, 2021 report",EN,2024-05-20 00:00:00
HWF_0024,Community Health Workers (number),numeric,AFR,Africa,Country,SSD,South Sudan,Year,2018,false,,,,,,,,,,,,,1455.00,,,,,,1455,,"Source:The state of the health workforce in the WHO African Region, 2021 report",EN,2024-05-20 00:00:00
HWF_0024,Community Health Workers (number),numeric,AFR,Africa,Country,GHA,Ghana,Year,2018,true,,,,,,,,,,,,,15820.00,,,,,,15 820,,"Source:The state of the health workforce in the WHO African Region, 2021 report",EN,2024-05-20 00:00:00
HWF_0024,Community Health Workers (number),numeric,AFR,Africa,Country,ZWE,Zimbabwe,Year,2018,false,,,,,,,,,,,,,15888.00,,,,,,15 888,,Source : HRH Country Profile 2013-2018,EN,2024-05-20 00:00:00
HWF_0024,Community Health Workers (number),numeric,AFR,Africa,Country,GMB,Gambia,Year,2018,true,,,,,,,,,,,,,1553.00,,,,,,1553,,"Source:The state of the health workforce in the WHO African Region, 2021 report",EN,2024-05-20 00:00:00
HWF_0024,Community Health Workers (number),numeric,AFR,Africa,Country,GIN,Guinea,Year,2018,true,,,,,,,,,,,,,16567.00,,,,,,16 567,,"Source:The state of the health workforce in the WHO African Region, 2021 report",EN,2024-05-20 00:00:00
HWF_0024,Community Health Workers (number),numeric,AMR,Americas,Country,PAN,Panama,Year,2018,false,,,,,,,,,,,,,160.00,,,,,,160,,,EN,2024-05-20 00:00:00
HWF_0024,Community Health Workers (number),numeric,AFR,Africa,Country,AGO,Angola,Year,2018,false,,,,,,,,,,,,,1680.00,,,,,,1680,,"Source:The state of the health workforce in the WHO African Region, 2021 report",EN,2024-05-20 00:00:00
HWF_0024,Community Health Workers (number),numeric,AFR,Africa,Country,SEN,Senegal,Year,2018,false,,,,,,,,,,,,,17417.00,,,,,,17 417,,"Source:The state of the health workforce in the WHO African Region, 2021 report",EN,2024-05-20 00:00:00
HWF_0024,Community Health Workers (number),numeric,AFR,Africa,Country,MUS,Mauritius,Year,2018,false,,,,,,,,,,,,,180.00,,,,,,180,,"Source:The state of the health workforce in the WHO African Region, 2021 report",EN,2024-05-20 00:00:00
HWF_0024,Community Health Workers (number),numeric,AFR,Africa,Country,NAM,Namibia,Year,2018,true,,,,,,,,,,,,,2292.00,,,,,,2292,,"Source:The state of the health workforce in the WHO African Region, 2021 report",EN,2024-05-20 00:00:00
HWF_0024,Community Health Workers (number),numeric,AFR,Africa,Country,ERI,Eritrea,Year,2018,false,,,,,,,,,,,,,243.00,,,,,,243,,"Source:The state of the health workforce in the WHO African Region, 2021 report",EN,2024-05-20 00:00:00
HWF_0024,Community Health Workers (number),numeric,EMR,Eastern Mediterranean,Country,AFG,Afghanistan,Year,2018,true,,,,,,,,,,,,,29581.00,,,,,,29 581,,Estimated total from sum of CHW stock from all the subnational units. Source: Afghanistan HRH Country Profile. Section A2 Provincial Profile.,EN,2024-05-20 00:00:00
HWF_0024,Community Health Workers (number),numeric,AFR,Africa,Country,LBR,Liberia,Year,2018,false,,,,,,,,,,,,,3391.00,,,,,,3391,,"Source:The state of the health workforce in the WHO African Region, 2021 report",EN,2024-05-20 00:00:00
HWF_0024,Community Health Workers (number),numeric,AFR,Africa,Country,GNB,Guinea-Bissau,Year,2018,false,,,,,,,,,,,,,3481.00,,,,,,3481,,"Source:The state of the health workforce in the WHO African Region, 2021 report",EN,2024-05-20 00:00:00
HWF_0024,Community Health Workers (number),numeric,AFR,Africa,Country,MDG,Madagascar,Year,2018,false,,,,,,,,,,,,,35000.00,,,,,,35 000,,"Source:The state of the health workforce in the WHO African Region, 2021 report",EN,2024-05-20 00:00:00
HWF_0024,Community Health Workers (number),numeric,AFR,Africa,Country,ETH,Ethiopia,Year,2018,false,,,,,,,,,,,,,37259.00,,,,,,37 259,,"Source:The state of the health workforce in the WHO African Region, 2021 report",EN,2024-05-20 00:00:00
HWF_0024,Community Health Workers (number),numeric,WPR,Western Pacific,Country,PNG,Papua New Guinea,Year,2018,false,,,,,,,,,,,,,4469.00,,,,,,4469,,"Source: HR Manager, National Department of Health",EN,2024-05-20 00:00:00
HWF_0024,Community Health Workers (number),numeric,AFR,Africa,Country,RWA,Rwanda,Year,2018,false,,,,,,,,,,,,,45000.00,,,,,,45 000,,"Source:The state of the health workforce in the WHO African Region, 2021 report",EN,2024-05-20 00:00:00
HWF_0024,Community Health Workers (number),numeric,EMR,Eastern Mediterranean,Country,SAU,Saudi Arabia,Year,2018,true,,,,,,,,,,,,,4627.00,,,,,,4627,,,EN,2024-05-20 00:00:00
HWF_0024,Community Health Workers (number),numeric,AFR,Africa,Country,MOZ,Mozambique,Year,2018,false,,,,,,,,,,,,,4787.00,,,,,,4787,,,EN,2024-05-20 00:00:00
HWF_0024,Community Health Workers (number),numeric,AFR,Africa,Country,SLE,Sierra Leone,Year,2018,false,,,,,,,,,,,,,505.00,,,,,,505,,"Source:The state of the health workforce in the WHO African Region, 2021 report",EN,2024-05-20 00:00:00
HWF_0024,Community Health Workers (number),numeric,AFR,Africa,Country,ZAF,South Africa,Year,2018,false,,,,,,,,,,,,,54180.00,,,,,,54 180,,"Source:The state of the health workforce in the WHO African Region, 2021 report",EN,2024-05-20 00:00:00
HWF_0024,Community Health Workers (number),numeric,SEAR,South-East Asia,Country,BGD,Bangladesh,Year,2018,false,,,,,,,,,,,,,55136.00,,,,,,55 136,,Includes: Community Health Care Provider (CHCP) 13622 Health Assistant (HA) 15420 Family Welfare Assistant 17308 Assistant Health Inspector 3636 Health Inspector 1047 Family Planning Inspector 4103 Confirmed with Dr Nuruzzaman (Masahiro SEARO 4 Dec 2019),EN,2024-05-20 00:00:00
HWF_0024,Community Health Workers (number),numeric,AFR,Africa,Country,KEN,Kenya,Year,2018,false,,,,,,,,,,,,,58079.00,,,,,,58 079,,,EN,2024-05-20 00:00:00
HWF_0024,Community Health Workers (number),numeric,AFR,Africa,Country,SWZ,Eswatini,Year,2018,false,,,,,,,,,,,,,6324.00,,,,,,6324,,"Source:The state of the health workforce in the WHO African Region, 2021 report",EN,2024-05-20 00:00:00
HWF_0024,Community Health Workers (number),numeric,SEAR,South-East Asia,Country,IDN,Indonesia,Year,2018,false,,,,,,,,,,,,,66202.00,,,,,,66 202,,,EN,2024-05-20 00:00:00
HWF_0024,Community Health Workers (number),numeric,AFR,Africa,Country,TGO,Togo,Year,2018,false,,,,,,,,,,,,,7086.00,,,,,,7086,,Public and private,EN,2024-05-20 00:00:00
HWF_0024,Community Health Workers (number),numeric,AMR,Americas,Country,AIA,Anguilla,Year,2018,true,,,,,,,,,,,,,8.00,,,,,,8,,,EN,2024-05-20 00:00:00
HWF_0024,Community Health Workers (number),numeric,EMR,Eastern Mediterranean,Country,EGY,Egypt,Year,2018,true,,,,,,,,,,,,,963.00,,,,,,963,,,EN,2024-05-20 00:00:00
HWF_0024,Community Health Workers (number),numeric,SEAR,South-East Asia,Country,IND,India,Year,2018,false,,,,,,,,,,,,,970676.00,,,,,,970 676,,,EN,2024-05-20 00:00:00
HWF_0024,Community Health Workers (number),numeric,AFR,Africa,Country,ZWE,Zimbabwe,Year,2017,false,,,,,,,,,,,,,15000.00,,,,,,15 000,,,EN,2024-05-20 00:00:00
HWF_0024,Community Health Workers (number),numeric,AFR,Africa,Country,GHA,Ghana,Year,2017,false,,,,,,,,,,,,,15456.00,,,,,,15 456,,Only community health nurses Source:THE HEALTH SECTOR IN GHANA FACTS AND FIGURES 2018,EN,2024-05-20 00:00:00
HWF_0024,Community Health Workers (number),numeric,AMR,Americas,Country,PAN,Panama,Year,2017,false,,,,,,,,,,,,,161.00,,,,,,161,,,EN,2024-05-20 00:00:00
HWF_0024,Community Health Workers (number),numeric,AFR,Africa,Country,MOZ,Mozambique,Year,2017,false,,,,,,,,,,,,,1991.00,,,,,,1991,,,EN,2024-05-20 00:00:00
HWF_0024,Community Health Workers (number),numeric,EUR,Europe,Country,ISR,Israel,Year,2017,false,,,,,,,,,,,,,200.00,,,,,,200,,,EN,2024-05-20 00:00:00
HWF_0024,Community Health Workers (number),numeric,AFR,Africa,Country,BFA,Burkina Faso,Year,2017,false,,,,,,,,,,,,,2749.00,,,,,,2749,,,EN,2024-05-20 00:00:00
HWF_0024,Community Health Workers (number),numeric,AMR,Americas,Country,BRA,Brazil,Year,2017,false,,,,,,,,,,,,,436590.00,,,,,,436 590,,"Includes Community Health Workers.  Data Source: Estimated health workforce from Labour Force Survey, ILO 2018",EN,2024-05-20 00:00:00
HWF_0024,Community Health Workers (number),numeric,AFR,Africa,Country,SEN,Senegal,Year,2017,false,,,,,,,,,,,,,5.00,,,,,,5,,Source: IHRIS et Annuaire national RHS,EN,2024-05-20 00:00:00
HWF_0024,Community Health Workers (number),numeric,AFR,Africa,Country,TGO,Togo,Year,2017,false,,,,,,,,,,,,,7545.00,,,,,,7545,,Public and private,EN,2024-05-20 00:00:00
HWF_0024,Community Health Workers (number),numeric,EMR,Eastern Mediterranean,Country,MAR,Morocco,Year,2017,false,,,,,,,,,,,,,863.00,,,,,,863,,"Source: AU CHW survey. Includes agents de santÃ© communautaire, personne relais communautaire, agent de dÃ©veloppement communautaire, volontaire communautaire",EN,2024-05-20 00:00:00
HWF_0024,Community Health Workers (number),numeric,SEAR,South-East Asia,Country,THA,Thailand,Year,2016,false,,,,,,,,,,,,,13006.00,,,,,,13 006,,"Includes Community Health Workers.  Data Source: Estimated health workforce from Labour Force Survey, ILO 2018",EN,2024-05-20 00:00:00
HWF_0024,Community Health Workers (number),numeric,SEAR,South-East Asia,Country,MDV,Maldives,Year,2016,false,,,,,,,,,,,,,158.00,,,,,,158,,,EN,2024-05-20 00:00:00
HWF_0024,Community Health Workers (number),numeric,AMR,Americas,Country,PAN,Panama,Year,2016,false,,,,,,,,,,,,,215.00,,,,,,215,,,EN,2024-05-20 00:00:00
HWF_0024,Community Health Workers (number),numeric,EMR,Eastern Mediterranean,Country,AFG,Afghanistan,Year,2016,false,,,,,,,,,,,,,28580.00,,,,,,28 580,,"Source: Afghanistan Country Profile, UNICEF ROSA CHW evaluation. https://www.unicef.org/rosa/documents/formative-evaluation-community-health-workers-policies-and-programmes",EN,2024-05-20 00:00:00
HWF_0024,Community Health Workers (number),numeric,EMR,Eastern Mediterranean,Country,IRN,Iran (Islamic Republic of),Year,2016,true,,,,,,,,,,,,,30000.00,,,,,,30 000,,Source: Iran case study. USAID MCHIP Case Studies of Large-Scale Community Health Worker Programs (January 2017),EN,2024-05-20 00:00:00
HWF_0024,Community Health Workers (number),numeric,EUR,Europe,Country,ISR,Israel,Year,2016,false,,,,,,,,,,,,,300.00,,,,,,300,,,EN,2024-05-20 00:00:00
HWF_0024,Community Health Workers (number),numeric,WPR,Western Pacific,Country,MNG,Mongolia,Year,2016,true,,,,,,,,,,,,,302.00,,,,,,302,,"Includes Community Health Workers.  Data Source: Estimated health workforce from Labour Force Survey, ILO 2018",EN,2024-05-20 00:00:00
HWF_0024,Community Health Workers (number),numeric,AFR,Africa,Country,SEN,Senegal,Year,2016,false,,,,,,,,,,,,,5.00,,,,,,5,,Includes Community Health Workers .,EN,2024-05-20 00:00:00
HWF_0024,Community Health Workers (number),numeric,AMR,Americas,Country,SLV,El Salvador,Year,2016,false,,,,,,,,,,,,,5419.00,,,,,,5419,,"Includes Community Health Workers.  Data Source: Estimated health workforce from Labour Force Survey, ILO 2018",EN,2024-05-20 00:00:00
HWF_0024,Community Health Workers (number),numeric,AFR,Africa,Country,SLE,Sierra Leone,Year,2016,false,,,,,,,,,,,,,621.00,,,,,,621,,Source: Human Resources for Health Country Profile Sierra Leone Country Profile,EN,2024-05-20 00:00:00
HWF_0024,Community Health Workers (number),numeric,AFR,Africa,Country,GIN,Guinea,Year,2016,false,,,,,,,,,,,,,6700.00,,,,,,6700,,Includes Community Health Workers .,EN,2024-05-20 00:00:00
HWF_0024,Community Health Workers (number),numeric,AMR,Americas,Country,HND,Honduras,Year,2016,true,,,,,,,,,,,,,7114.00,,,,,,7114,,"Includes Community Health Workers.  Data Source: Estimated health workforce from Labour Force Survey, ILO 2018",EN,2024-05-20 00:00:00
HWF_0024,Community Health Workers (number),numeric,EUR,Europe,Country,SRB,Serbia,Year,2016,true,,,,,,,,,,,,,887.00,,,,,,887,,"Includes Community Health Workers.  Data Source: Estimated health workforce from Labour Force Survey, ILO 2018",EN,2024-05-20 00:00:00
HWF_0024,Community Health Workers (number),numeric,AMR,Americas,Country,JAM,Jamaica,Year,2016,false,,,,,,,,,,,,,893.00,,,,,,893,,Includes Community Health Workers .,EN,2024-05-20 00:00:00
HWF_0024,Community Health Workers (number),numeric,AMR,Americas,Country,ECU,Ecuador,Year,2015,true,,,,,,,,,,,,,1054.00,,,,,,1054,,"Includes Community Health Workers.  Data Source: Estimated health workforce from Labour Force Survey, ILO 2018",EN,2024-05-20 00:00:00
HWF_0024,Community Health Workers (number),numeric,AFR,Africa,Country,ZWE,Zimbabwe,Year,2015,false,,,,,,,,,,,,,11200.00,,,,,,11 200,,,EN,2024-05-20 00:00:00
HWF_0024,Community Health Workers (number),numeric,AMR,Americas,Country,PAN,Panama,Year,2015,false,,,,,,,,,,,,,154.00,,,,,,154,,,EN,2024-05-20 00:00:00
HWF_0024,Community Health Workers (number),numeric,EMR,Eastern Mediterranean,Country,PAK,Pakistan,Year,2015,false,,,,,,,,,,,,,16448.00,,,,,,16 448,,Includes Community Health Workers .,EN,2024-05-20 00:00:00
HWF_0024,Community Health Workers (number),numeric,WPR,Western Pacific,Country,NRU,Nauru,Year,2015,true,,,,,,,,,,,,,17.00,,,,,,17,,Includes Community health workers.  Data Source: Ministry of Health & Medical Services,EN,2024-05-20 00:00:00
HWF_0024,Community Health Workers (number),numeric,AFR,Africa,Country,UGA,Uganda,Year,2015,false,,,,,,,,,,,,,179175.00,,,,,,179 175,,Source: Ministry of Health (2015).  National Village Health Teams (VHT) Assessment in Uganda.,EN,2024-05-20 00:00:00
HWF_0024,Community Health Workers (number),numeric,SEAR,South-East Asia,Country,MMR,Myanmar,Year,2015,true,,,,,,,,,,,,,2326.00,,,,,,2326,,"Includes Community Health Workers.  Data Source: Estimated health workforce from Labour Force Survey, ILO 2018",EN,2024-05-20 00:00:00
HWF_0024,Community Health Workers (number),numeric,AFR,Africa,Country,GIN,Guinea,Year,2015,false,,,,,,,,,,,,,6700.00,,,,,,6700,,"Source :COMPTES NATIONAUX DES PERSONNELS DE SANTÃ‰ (CNPS) GUINEE PrÃ©sentÃ© par:  Dr Mohamed FAZA DIALLO, Chef Service Formation & Perfectionnement MSHP Dr MARA Karifa, Conseiller chargÃ© de Politiques et SystÃ¨me de SantÃ©, OMS",EN,2024-05-20 00:00:00
HWF_0024,Community Health Workers (number),numeric,AFR,Africa,Country,SEN,Senegal,Year,2015,false,,,,,,,,,,,,,770.00,,,,,,770,,"Includes Community Health Workers.  Data Source: Estimated health workforce from Labour Force Survey, ILO 2018",EN,2024-05-20 00:00:00
HWF_0024,Community Health Workers (number),numeric,AMR,Americas,Country,JAM,Jamaica,Year,2015,false,,,,,,,,,,,,,858.00,,,,,,858,,Includes Community Health Workers .,EN,2024-05-20 00:00:00
HWF_0024,Community Health Workers (number),numeric,SEAR,South-East Asia,Country,MDV,Maldives,Year,2014,false,,,,,,,,,,,,,509.00,,,,,,509,,Includes Community Health Workers .,EN,2024-05-20 00:00:00
HWF_0024,Community Health Workers (number),numeric,AMR,Americas,Country,JAM,Jamaica,Year,2014,false,,,,,,,,,,,,,711.00,,,,,,711,,Includes Community Health Workers .,EN,2024-05-20 00:00:00
HWF_0024,Community Health Workers (number),numeric,EUR,Europe,Country,SVK,Slovakia,Year,2013,true,,,,,,,,,,,,,100.00,,,,,,100,,Includes Community Health Workers .,EN,2024-05-20 00:00:00
HWF_0024,Community Health Workers (number),numeric,AFR,Africa,Country,MOZ,Mozambique,Year,2013,false,,,,,,,,,,,,,1204.00,,,,,,1204,,Includes Community Health Workers .,EN,2024-05-20 00:00:00
HWF_0024,Community Health Workers (number),numeric,SEAR,South-East Asia,Country,TLS,Timor-Leste,Year,2013,false,,,,,,,,,,,,,241.00,,,,,,241,,"Includes Community Health Workers.  Data Source: Estimated health workforce from Labour Force Survey, ILO 2018",EN,2024-05-20 00:00:00
HWF_0024,Community Health Workers (number),numeric,AFR,Africa,Country,GHA,Ghana,Year,2013,false,,,,,,,,,,,,,5293.00,,,,,,5293,,"Includes Community Health Workers.  Data Source: Estimated health workforce from Labour Force Survey, ILO 2018",EN,2024-05-20 00:00:00
HWF_0024,Community Health Workers (number),numeric,AFR,Africa,Country,NER,Niger,Year,2013,false,,,,,,,,,,,,,6560.00,,,,,,6560,,Source: Data from Niger case study (2560 ASCs and 4000 Relais volunteers). USAID MCHIP Case Studies of Large-Scale Community Health Worker Programs (January 2017),EN,2024-05-20 00:00:00
HWF_0024,Community Health Workers (number),numeric,AMR,Americas,Country,JAM,Jamaica,Year,2013,false,,,,,,,,,,,,,696.00,,,,,,696,,Includes Community Health Workers .,EN,2024-05-20 00:00:00
HWF_0024,Community Health Workers (number),numeric,AFR,Africa,Country,MOZ,Mozambique,Year,2012,false,,,,,,,,,,,,,1213.00,,,,,,1213,,Includes Community Health Workers .,EN,2024-05-20 00:00:00
HWF_0024,Community Health Workers (number),numeric,AFR,Africa,Country,BWA,Botswana,Year,2012,true,,,,,,,,,,,,,166.00,,,,,,166,,Includes Family Walfare Educators.  Data Source: Health Statistic Unit of Botswana,EN,2024-05-20 00:00:00
HWF_0024,Community Health Workers (number),numeric,AFR,Africa,Country,BFA,Burkina Faso,Year,2012,false,,,,,,,,,,,,,2099.00,,,,,,2099,,Includes Community Health Workers .,EN,2024-05-20 00:00:00
HWF_0024,Community Health Workers (number),numeric,SEAR,South-East Asia,Country,MMR,Myanmar,Year,2012,false,,,,,,,,,,,,,3397.00,,,,,,3397,,Includes Community Health Workers .,EN,2024-05-20 00:00:00
HWF_0024,Community Health Workers (number),numeric,SEAR,South-East Asia,Country,BTN,Bhutan,Year,2012,false,,,,,,,,,,,,,578.00,,,,,,578,,Includes Community Health Workers .,EN,2024-05-20 00:00:00
HWF_0024,Community Health Workers (number),numeric,AMR,Americas,Country,JAM,Jamaica,Year,2012,false,,,,,,,,,,,,,643.00,,,,,,643,,Includes Community Health Workers .,EN,2024-05-20 00:00:00
HWF_0024,Community Health Workers (number),numeric,SEAR,South-East Asia,Country,BGD,Bangladesh,Year,2012,false,,,,,,,,,,,,,73838.00,,,,,,73 838,,Includes Community Health Workers .,EN,2024-05-20 00:00:00
HWF_0024,Community Health Workers (number),numeric,WPR,Western Pacific,Country,CHN,China,Year,2011,true,,,,,,,,,,,,,1126443.00,,,,,,1 126 443,,Includes Community Health Workers .,EN,2024-05-20 00:00:00
HWF_0024,Community Health Workers (number),numeric,EMR,Eastern Mediterranean,Country,PAK,Pakistan,Year,2011,false,,,,,,,,,,,,,12621.00,,,,,,12 621,,Includes Community Health Workers .,EN,2024-05-20 00:00:00
HWF_0024,Community Health Workers (number),numeric,EUR,Europe,Country,ROU,Romania,Year,2011,true,,,,,,,,,,,,,16170.00,,,,,,16 170,,"Includes Community health workers.  Data Source: Health workforce from census data. Minnesota Population Center. Integrated Public Use Microdata Series, International: Version 7.1. Minneapolis, MN: IPUMS, 2018. https://doi.org/10.18128/D020.V7.1",EN,2024-05-20 00:00:00
HWF_0024,Community Health Workers (number),numeric,AFR,Africa,Country,BWA,Botswana,Year,2011,false,,,,,,,,,,,,,166.00,,,,,,166,,Includes Family Walfare Educators.  Data Source: Health Statistic Unit of Botswana,EN,2024-05-20 00:00:00
HWF_0024,Community Health Workers (number),numeric,WPR,Western Pacific,Country,NRU,Nauru,Year,2011,false,,,,,,,,,,,,,17.00,,,,,,17,,Includes Community Health Workers .,EN,2024-05-20 00:00:00
HWF_0024,Community Health Workers (number),numeric,AFR,Africa,Country,MUS,Mauritius,Year,2011,false,,,,,,,,,,,,,187.00,,,,,,187,,"Includes Community health care officer, Community health workers n.e.c.  Data Source: Health workforce from census data. Minnesota Population Center. Integrated Public Use Microdata Series, International: Version 7.1. Minneapolis, MN: IPUMS, 2018. https://doi.org/10.18128/D020.V7.1",EN,2024-05-20 00:00:00
HWF_0024,Community Health Workers (number),numeric,EUR,Europe,Country,GRC,Greece,Year,2011,true,,,,,,,,,,,,,260.00,,,,,,260,,"Includes Community health workers.  Data Source: Health workforce from census data. Minnesota Population Center. Integrated Public Use Microdata Series, International: Version 7.1. Minneapolis, MN: IPUMS, 2018. https://doi.org/10.18128/D020.V7.1",EN,2024-05-20 00:00:00
HWF_0024,Community Health Workers (number),numeric,SEAR,South-East Asia,Country,MMR,Myanmar,Year,2011,false,,,,,,,,,,,,,3371.00,,,,,,3371,,Includes Community Health Workers .,EN,2024-05-20 00:00:00
HWF_0024,Community Health Workers (number),numeric,AFR,Africa,Country,CMR,Cameroon,Year,2011,false,,,,,,,,,,,,,367.00,,,,,,367,,"Includes ARC (Community Relay Agents).  Data Source: Ministry of Health, General Census of Health Personnel 2011",EN,2024-05-20 00:00:00
HWF_0024,Community Health Workers (number),numeric,AFR,Africa,Country,SLE,Sierra Leone,Year,2011,false,,,,,,,,,,,,,566.00,,,,,,566,,"Includes Community Health.  Data Source: Ministry of Health and Sanitation, Personnel Unit",EN,2024-05-20 00:00:00
HWF_0024,Community Health Workers (number),numeric,SEAR,South-East Asia,Country,BGD,Bangladesh,Year,2011,false,,,,,,,,,,,,,60271.00,,,,,,60 271,,Includes Community Health Workers .,EN,2024-05-20 00:00:00
HWF_0024,Community Health Workers (number),numeric,WPR,Western Pacific,Country,CHN,China,Year,2010,false,,,,,,,,,,,,,1091863.00,,,,,,1 091 863,,Includes Community Health Workers .,EN,2024-05-20 00:00:00
HWF_0024,Community Health Workers (number),numeric,AFR,Africa,Country,ZWE,Zimbabwe,Year,2010,false,,,,,,,,,,,,,11200.00,,,,,,11 200,,,EN,2024-05-20 00:00:00
HWF_0024,Community Health Workers (number),numeric,EMR,Eastern Mediterranean,Country,PAK,Pakistan,Year,2010,false,,,,,,,,,,,,,11510.00,,,,,,11 510,,Includes Community Health Workers .,EN,2024-05-20 00:00:00
HWF_0024,Community Health Workers (number),numeric,AFR,Africa,Country,MLI,Mali,Year,2010,false,,,,,,,,,,,,,110.00,,,,,,110,,Includes Community Health Workers .,EN,2024-05-20 00:00:00
HWF_0024,Community Health Workers (number),numeric,AFR,Africa,Country,SLE,Sierra Leone,Year,2010,false,,,,,,,,,,,,,132.00,,,,,,132,,Includes Community Health Workers .,EN,2024-05-20 00:00:00
HWF_0024,Community Health Workers (number),numeric,AFR,Africa,Country,BWA,Botswana,Year,2010,false,,,,,,,,,,,,,166.00,,,,,,166,,Includes Family Walfare Educators.  Data Source: Health Statistic Unit of Botswana,EN,2024-05-20 00:00:00
HWF_0024,Community Health Workers (number),numeric,EMR,Eastern Mediterranean,Country,YEM,Yemen,Year,2010,true,,,,,,,,,,,,,19.00,,,,,,19,,Includes Community Health Workers .,EN,2024-05-20 00:00:00
HWF_0024,Community Health Workers (number),numeric,AFR,Africa,Country,BFA,Burkina Faso,Year,2010,false,,,,,,,,,,,,,1976.00,,,,,,1976,,Includes Community Health Workers .,EN,2024-05-20 00:00:00
HWF_0024,Community Health Workers (number),numeric,AMR,Americas,Country,GUY,Guyana,Year,2010,true,,,,,,,,,,,,,245.00,,,,,,245,,Includes Community Health Workers .,EN,2024-05-20 00:00:00
HWF_0024,Community Health Workers (number),numeric,AMR,Americas,Country,BRA,Brazil,Year,2010,false,,,,,,,,,,,,,334355.00,,,,,,334 355,,"Includes Community health workers.  Data Source: Health workforce from census data. Minnesota Population Center. Integrated Public Use Microdata Series, International: Version 7.1. Minneapolis, MN: IPUMS, 2018. https://doi.org/10.18128/D020.V7.1",EN,2024-05-20 00:00:00
HWF_0024,Community Health Workers (number),numeric,SEAR,South-East Asia,Country,MMR,Myanmar,Year,2010,false,,,,,,,,,,,,,3344.00,,,,,,3344,,Includes Community Health Workers .,EN,2024-05-20 00:00:00
HWF_0024,Community Health Workers (number),numeric,WPR,Western Pacific,Country,MNG,Mongolia,Year,2010,false,,,,,,,,,,,,,437.00,,,,,,437,,Includes Community Health Workers .,EN,2024-05-20 00:00:00
HWF_0024,Community Health Workers (number),numeric,WPR,Western Pacific,Country,MHL,Marshall Islands,Year,2010,true,,,,,,,,,,,,,53.00,,,,,,53,,"Includes Community health workers.  Data Source: Ministry of Health, Marshall Islands.",EN,2024-05-20 00:00:00
HWF_0024,Community Health Workers (number),numeric,SEAR,South-East Asia,Country,MDV,Maldives,Year,2010,false,,,,,,,,,,,,,591.00,,,,,,591,,Includes Community Health Workers .,EN,2024-05-20 00:00:00
HWF_0024,Community Health Workers (number),numeric,WPR,Western Pacific,Country,CHN,China,Year,2009,false,,,,,,,,,,,,,1113331.00,,,,,,1 113 331,,Includes Community Health Workers .,EN,2024-05-20 00:00:00
HWF_0024,Community Health Workers (number),numeric,EMR,Eastern Mediterranean,Country,PAK,Pakistan,Year,2009,false,,,,,,,,,,,,,10731.00,,,,,,10 731,,Includes Community Health Workers .,EN,2024-05-20 00:00:00
HWF_0024,Community Health Workers (number),numeric,AFR,Africa,Country,MLI,Mali,Year,2009,false,,,,,,,,,,,,,114.00,,,,,,114,,Includes Community Health Workers .,EN,2024-05-20 00:00:00
HWF_0024,Community Health Workers (number),numeric,AMR,Americas,Country,BLZ,Belize,Year,2009,true,,,,,,,,,,,,,158.00,,,,,,158,,Includes Community Health Workers .,EN,2024-05-20 00:00:00
HWF_0024,Community Health Workers (number),numeric,AFR,Africa,Country,BWA,Botswana,Year,2009,false,,,,,,,,,,,,,166.00,,,,,,166,,Includes Community Health Workers .,EN,2024-05-20 00:00:00
HWF_0024,Community Health Workers (number),numeric,AFR,Africa,Country,CAF,Central African Republic,Year,2009,false,,,,,,,,,,,,,1713.00,,,,,,1713,,Includes Community Health Workers .,EN,2024-05-20 00:00:00
HWF_0024,Community Health Workers (number),numeric,AMR,Americas,Country,GUY,Guyana,Year,2009,false,,,,,,,,,,,,,245.00,,,,,,245,,Includes Community Health Workers .,EN,2024-05-20 00:00:00
HWF_0024,Community Health Workers (number),numeric,WPR,Western Pacific,Country,NRU,Nauru,Year,2009,false,,,,,,,,,,,,,3.00,,,,,,3,,Includes Community Health Workers .,EN,2024-05-20 00:00:00
HWF_0024,Community Health Workers (number),numeric,AFR,Africa,Country,ETH,Ethiopia,Year,2009,false,,,,,,,,,,,,,30950.00,,,,,,30 950,,Includes Community Health Workers .,EN,2024-05-20 00:00:00
HWF_0024,Community Health Workers (number),numeric,SEAR,South-East Asia,Country,MMR,Myanmar,Year,2009,false,,,,,,,,,,,,,3278.00,,,,,,3278,,Includes Community Health Workers .,EN,2024-05-20 00:00:00
HWF_0024,Community Health Workers (number),numeric,WPR,Western Pacific,Country,MNG,Mongolia,Year,2009,false,,,,,,,,,,,,,328.00,,,,,,328,,Includes Community Health Workers .,EN,2024-05-20 00:00:00
HWF_0024,Community Health Workers (number),numeric,SEAR,South-East Asia,Country,MDV,Maldives,Year,2009,false,,,,,,,,,,,,,513.00,,,,,,513,,Includes Community Health Workers .,EN,2024-05-20 00:00:00
HWF_0024,Community Health Workers (number),numeric,AFR,Africa,Country,NER,Niger,Year,2009,false,,,,,,,,,,,,,6308.00,,,,,,6308,,Source: Data from Niger case study (2308 Agents de SantÃ© Communautaire (ASCs) and 4000 Relais volunteers). USAID MCHIP Case Studies of Large-Scale Community Health Worker Programs (January 2017),EN,2024-05-20 00:00:00
HWF_0024,Community Health Workers (number),numeric,WPR,Western Pacific,Country,COK,Cook Islands,Year,2009,true,,,,,,,,,,,,,9.00,,,,,,9,,Includes Community Health Workers .,EN,2024-05-20 00:00:00
HWF_0024,Community Health Workers (number),numeric,EMR,Eastern Mediterranean,Country,PAK,Pakistan,Year,2008,false,,,,,,,,,,,,,10002.00,,,,,,10 002,,Includes Community Health Workers .,EN,2024-05-20 00:00:00
HWF_0024,Community Health Workers (number),numeric,AFR,Africa,Country,MWI,Malawi,Year,2008,false,,,,,,,,,,,,,10055.00,,,,,,10 055,,Includes Community Health Workers .,EN,2024-05-20 00:00:00
HWF_0024,Community Health Workers (number),numeric,AFR,Africa,Country,GMB,Gambia,Year,2008,false,,,,,,,,,,,,,1150.00,,,,,,1150,,Includes Community Health Workers .,EN,2024-05-20 00:00:00
HWF_0024,Community Health Workers (number),numeric,AFR,Africa,Country,SLE,Sierra Leone,Year,2008,false,,,,,,,,,,,,,132.00,,,,,,132,,Includes Community Health Workers .,EN,2024-05-20 00:00:00
HWF_0024,Community Health Workers (number),numeric,WPR,Western Pacific,Country,NRU,Nauru,Year,2008,false,,,,,,,,,,,,,14.00,,,,,,14,,Includes Community Health Workers .,EN,2024-05-20 00:00:00
HWF_0024,Community Health Workers (number),numeric,AFR,Africa,Country,CAF,Central African Republic,Year,2008,false,,,,,,,,,,,,,1746.00,,,,,,1746,,Includes Community Health Workers .,EN,2024-05-20 00:00:00
HWF_0024,Community Health Workers (number),numeric,AFR,Africa,Country,NGA,Nigeria,Year,2008,false,,,,,,,,,,,,,19268.00,,,,,,19 268,,Includes Community Health Workers .,EN,2024-05-20 00:00:00
HWF_0024,Community Health Workers (number),numeric,WPR,Western Pacific,Country,VUT,Vanuatu,Year,2008,true,,,,,,,,,,,,,212.00,,,,,,212,,Includes Community Health Workers .,EN,2024-05-20 00:00:00
HWF_0024,Community Health Workers (number),numeric,AFR,Africa,Country,ETH,Ethiopia,Year,2008,false,,,,,,,,,,,,,24571.00,,,,,,24 571,,Includes Community Health Workers .,EN,2024-05-20 00:00:00
HWF_0024,Community Health Workers (number),numeric,EMR,Eastern Mediterranean,Country,IRN,Iran (Islamic Republic of),Year,2008,false,,,,,,,,,,,,,27000.00,,,,,,27 000,,"Source: Ahmadnia S, Salehi N, Madanipour A. A nationwide gender-sensitive survey of Iranian Behvarzes (health workers), their. Job satisfaction and motives. refahj 2008; 8 (30 and 31) :117-142 URL: http://refahj.uswr.ac.ir/article-1-1921-en.html",EN,2024-05-20 00:00:00
HWF_0024,Community Health Workers (number),numeric,WPR,Western Pacific,Country,FSM,Micronesia (Federated States of),Year,2008,true,,,,,,,,,,,,,31.00,,,,,,31,,Includes Community Health Workers .,EN,2024-05-20 00:00:00
HWF_0024,Community Health Workers (number),numeric,SEAR,South-East Asia,Country,MMR,Myanmar,Year,2008,false,,,,,,,,,,,,,3247.00,,,,,,3247,,Includes Community Health Workers .,EN,2024-05-20 00:00:00
HWF_0024,Community Health Workers (number),numeric,AFR,Africa,Country,ZMB,Zambia,Year,2008,false,,,,,,,,,,,,,3762.00,,,,,,3762,,Includes Community Health Workers .,EN,2024-05-20 00:00:00
HWF_0024,Community Health Workers (number),numeric,WPR,Western Pacific,Country,PNG,Papua New Guinea,Year,2008,false,,,,,,,,,,,,,3883.00,,,,,,3883,,Includes Community Health Workers .,EN,2024-05-20 00:00:00
HWF_0024,Community Health Workers (number),numeric,AFR,Africa,Country,BWA,Botswana,Year,2008,false,,,,,,,,,,,,,450.00,,,,,,450,,Includes Community Health Workers .,EN,2024-05-20 00:00:00
HWF_0024,Community Health Workers (number),numeric,AFR,Africa,Country,GHA,Ghana,Year,2008,false,,,,,,,,,,,,,4502.00,,,,,,4502,,Includes Community Health Workers .,EN,2024-05-20 00:00:00
HWF_0024,Community Health Workers (number),numeric,WPR,Western Pacific,Country,MNG,Mongolia,Year,2008,false,,,,,,,,,,,,,61.00,,,,,,61,,Includes Community Health Workers .,EN,2024-05-20 00:00:00
HWF_0024,Community Health Workers (number),numeric,AMR,Americas,Country,JAM,Jamaica,Year,2008,false,,,,,,,,,,,,,727.00,,,,,,727,,Includes Community Health Workers .,EN,2024-05-20 00:00:00
HWF_0024,Community Health Workers (number),numeric,SEAR,South-East Asia,Country,BGD,Bangladesh,Year,2008,false,,,,,,,,,,,,,78000.00,,,,,,78 000,,"Data for BRAC CHWs. Source: GHWA publication ""Global Experience of Community Health Workers for Delivery of Health Related Millennium Development Goals: A Systematic Review, Country Case Studies, and Recommendations for Integration into National Health Systems""",EN,2024-05-20 00:00:00
HWF_0024,Community Health Workers (number),numeric,WPR,Western Pacific,Country,CHN,China,Year,2008,false,,,,,,,,,,,,,938313.00,,,,,,938 313,,Includes Community Health Workers .,EN,2024-05-20 00:00:00
HWF_0024,Community Health Workers (number),numeric,WPR,Western Pacific,Country,VUT,Vanuatu,Year,2007,false,,,,,,,,,,,,,113.00,,,,,,113,,Includes Community Health Workers .,EN,2024-05-20 00:00:00
HWF_0024,Community Health Workers (number),numeric,AFR,Africa,Country,GMB,Gambia,Year,2007,false,,,,,,,,,,,,,1156.00,,,,,,1156,,Includes Community Health Workers .,EN,2024-05-20 00:00:00
HWF_0024,Community Health Workers (number),numeric,AFR,Africa,Country,ETH,Ethiopia,Year,2007,false,,,,,,,,,,,,,17653.00,,,,,,17 653,,Includes Community Health Workers .,EN,2024-05-20 00:00:00
HWF_0024,Community Health Workers (number),numeric,AFR,Africa,Country,NGA,Nigeria,Year,2007,false,,,,,,,,,,,,,19268.00,,,,,,19 268,,Includes Community Health Workers .,EN,2024-05-20 00:00:00
HWF_0024,Community Health Workers (number),numeric,SEAR,South-East Asia,Country,MMR,Myanmar,Year,2007,false,,,,,,,,,,,,,3197.00,,,,,,3197,,Includes Community Health Workers .,EN,2024-05-20 00:00:00
HWF_0024,Community Health Workers (number),numeric,SEAR,South-East Asia,Country,BTN,Bhutan,Year,2007,false,,,,,,,,,,,,,424.00,,,,,,424,,Includes Community Health Workers .,EN,2024-05-20 00:00:00
HWF_0024,Community Health Workers (number),numeric,AFR,Africa,Country,BWA,Botswana,Year,2007,false,,,,,,,,,,,,,476.00,,,,,,476,,Includes Family Walfare Educators.  Data Source: Health Statistic Unit of Botswana,EN,2024-05-20 00:00:00
HWF_0024,Community Health Workers (number),numeric,SEAR,South-East Asia,Country,MDV,Maldives,Year,2007,false,,,,,,,,,,,,,478.00,,,,,,478,,Includes Community Health Workers .,EN,2024-05-20 00:00:00
HWF_0024,Community Health Workers (number),numeric,WPR,Western Pacific,Country,CHN,China,Year,2007,false,,,,,,,,,,,,,931761.00,,,,,,931 761,,Includes Community Health Workers .,EN,2024-05-20 00:00:00
HWF_0024,Community Health Workers (number),numeric,WPR,Western Pacific,Country,AUS,Australia,Year,2006,true,,,,,,,,,,,,,1012.00,,,,,,1012,,Includes Community Health Workers .,EN,2024-05-20 00:00:00
HWF_0024,Community Health Workers (number),numeric,SEAR,South-East Asia,Country,MMR,Myanmar,Year,2006,false,,,,,,,,,,,,,3137.00,,,,,,3137,,Includes Community Health Workers .,EN,2024-05-20 00:00:00
HWF_0024,Community Health Workers (number),numeric,AFR,Africa,Country,BWA,Botswana,Year,2006,false,,,,,,,,,,,,,920.00,,,,,,920,,Includes Community Health Workers .,EN,2024-05-20 00:00:00
HWF_0024,Community Health Workers (number),numeric,WPR,Western Pacific,Country,CHN,China,Year,2006,false,,,,,,,,,,,,,957459.00,,,,,,957 459,,Includes Community Health Workers .,EN,2024-05-20 00:00:00
HWF_0024,Community Health Workers (number),numeric,SEAR,South-East Asia,Country,BGD,Bangladesh,Year,2005,false,,,,,,,,,,,,,21000.00,,,,,,21 000,,Includes Community Health Workers .,EN,2024-05-20 00:00:00
HWF_0024,Community Health Workers (number),numeric,SEAR,South-East Asia,Country,MMR,Myanmar,Year,2005,false,,,,,,,,,,,,,3025.00,,,,,,3025,,Includes Community Health Workers .,EN,2024-05-20 00:00:00
HWF_0024,Community Health Workers (number),numeric,AFR,Africa,Country,ZMB,Zambia,Year,2005,false,,,,,,,,,,,,,4480.00,,,,,,4480,,Includes Community Health Workers .,EN,2024-05-20 00:00:00
HWF_0024,Community Health Workers (number),numeric,AFR,Africa,Country,RWA,Rwanda,Year,2005,false,,,,,,,,,,,,,45000.00,,,,,,45 000,,,EN,2024-05-20 00:00:00
HWF_0024,Community Health Workers (number),numeric,WPR,Western Pacific,Country,CHN,China,Year,2005,false,,,,,,,,,,,,,916532.00,,,,,,916 532,,Includes Community Health Workers .,EN,2024-05-20 00:00:00
HWF_0024,Community Health Workers (number),numeric,AFR,Africa,Country,BWA,Botswana,Year,2005,false,,,,,,,,,,,,,920.00,,,,,,920,,Includes Community Health Workers .,EN,2024-05-20 00:00:00
HWF_0024,Community Health Workers (number),numeric,SEAR,South-East Asia,Country,TLS,Timor-Leste,Year,2004,false,,,,,,,,,,,,,10.00,,,,,,10,,Includes Community Health Workers .,EN,2024-05-20 00:00:00
HWF_0024,Community Health Workers (number),numeric,AFR,Africa,Country,BFA,Burkina Faso,Year,2004,false,,,,,,,,,,,,,1201.00,,,,,,1201,,Includes Community Health Workers .,EN,2024-05-20 00:00:00
HWF_0024,Community Health Workers (number),numeric,AFR,Africa,Country,ETH,Ethiopia,Year,2004,false,,,,,,,,,,,,,15752.00,,,,,,15 752,,Includes Community Health Workers .,EN,2024-05-20 00:00:00
HWF_0024,Community Health Workers (number),numeric,AFR,Africa,Country,STP,Sao Tome and Principe,Year,2004,true,,,,,,,,,,,,,150.00,,,,,,150,,Includes Community Health Workers .,EN,2024-05-20 00:00:00
HWF_0024,Community Health Workers (number),numeric,AFR,Africa,Country,TCD,Chad,Year,2004,false,,,,,,,,,,,,,154.00,,,,,,154,,Includes Community Health Workers .,EN,2024-05-20 00:00:00
HWF_0024,Community Health Workers (number),numeric,SEAR,South-East Asia,Country,NPL,Nepal,Year,2004,false,,,,,,,,,,,,,16206.00,,,,,,16 206,,Includes Community Health Workers .,EN,2024-05-20 00:00:00
HWF_0024,Community Health Workers (number),numeric,WPR,Western Pacific,Country,KHM,Cambodia,Year,2004,true,,,,,,,,,,,,,1638.00,,,,,,1638,,Includes Community Health Workers .,EN,2024-05-20 00:00:00
HWF_0024,Community Health Workers (number),numeric,SEAR,South-East Asia,Country,BGD,Bangladesh,Year,2004,false,,,,,,,,,,,,,21202.00,,,,,,21 202,,Includes Community Health Workers .,EN,2024-05-20 00:00:00
HWF_0024,Community Health Workers (number),numeric,AFR,Africa,Country,GNB,Guinea-Bissau,Year,2004,false,,,,,,,,,,,,,2355.00,,,,,,2355,,Includes Community Health Workers .,EN,2024-05-20 00:00:00
HWF_0024,Community Health Workers (number),numeric,AFR,Africa,Country,MUS,Mauritius,Year,2004,false,,,,,,,,,,,,,236.00,,,,,,236,,Includes Community Health Workers .,EN,2024-05-20 00:00:00
HWF_0024,Community Health Workers (number),numeric,EMR,Eastern Mediterranean,Country,IRN,Iran (Islamic Republic of),Year,2004,false,,,,,,,,,,,,,25242.00,,,,,,25 242,,Includes Community Health Workers .,EN,2024-05-20 00:00:00
HWF_0024,Community Health Workers (number),numeric,EMR,Eastern Mediterranean,Country,YEM,Yemen,Year,2004,false,,,,,,,,,,,,,2542.00,,,,,,2542,,Includes Community Health Workers .,EN,2024-05-20 00:00:00
HWF_0024,Community Health Workers (number),numeric,AFR,Africa,Country,GNQ,Equatorial Guinea,Year,2004,false,,,,,,,,,,,,,308.00,,,,,,308,,Includes Community Health Workers .,EN,2024-05-20 00:00:00
HWF_0024,Community Health Workers (number),numeric,AFR,Africa,Country,SWZ,Eswatini,Year,2004,false,,,,,,,,,,,,,4000.00,,,,,,4000,,Includes Community Health Workers .,EN,2024-05-20 00:00:00
HWF_0024,Community Health Workers (number),numeric,SEAR,South-East Asia,Country,BTN,Bhutan,Year,2004,false,,,,,,,,,,,,,405.00,,,,,,405,,Includes Community Health Workers .,EN,2024-05-20 00:00:00
HWF_0024,Community Health Workers (number),numeric,SEAR,South-East Asia,Country,MMR,Myanmar,Year,2004,false,,,,,,,,,,,,,44293.00,,,,,,44 293,,Includes Community Health Workers .,EN,2024-05-20 00:00:00
HWF_0024,Community Health Workers (number),numeric,EMR,Eastern Mediterranean,Country,SDN,Sudan,Year,2004,true,,,,,,,,,,,,,4716.00,,,,,,4716,,Includes Community Health Workers .,EN,2024-05-20 00:00:00
HWF_0024,Community Health Workers (number),numeric,SEAR,South-East Asia,Country,MDV,Maldives,Year,2004,false,,,,,,,,,,,,,515.00,,,,,,515,,Includes Community Health Workers .,EN,2024-05-20 00:00:00
HWF_0024,Community Health Workers (number),numeric,AFR,Africa,Country,BDI,Burundi,Year,2004,false,,,,,,,,,,,,,548.00,,,,,,548,,Includes Community Health Workers .,EN,2024-05-20 00:00:00
HWF_0024,Community Health Workers (number),numeric,AFR,Africa,Country,SLE,Sierra Leone,Year,2004,false,,,,,,,,,,,,,558.00,,,,,,558,,Includes Community Health Workers .,EN,2024-05-20 00:00:00
HWF_0024,Community Health Workers (number),numeric,WPR,Western Pacific,Country,CHN,China,Year,2004,false,,,,,,,,,,,,,883075.00,,,,,,883 075,,Includes Community Health Workers .,EN,2024-05-20 00:00:00
HWF_0024,Community Health Workers (number),numeric,AFR,Africa,Country,CAF,Central African Republic,Year,2004,false,,,,,,,,,,,,,99.00,,,,,,99,,Includes Community Health Workers .,EN,2024-05-20 00:00:00
HWF_0024,Community Health Workers (number),numeric,AFR,Africa,Country,ETH,Ethiopia,Year,2003,false,,,,,,,,,,,,,13433.00,,,,,,13 433,,Includes Community Health Workers .,EN,2024-05-20 00:00:00
HWF_0024,Community Health Workers (number),numeric,AFR,Africa,Country,GMB,Gambia,Year,2003,false,,,,,,,,,,,,,412.00,,,,,,412,,Includes Community Health Workers .,EN,2024-05-20 00:00:00
HWF_0024,Community Health Workers (number),numeric,AMR,Americas,Country,GRD,Grenada,Year,2003,true,,,,,,,,,,,,,45.00,,,,,,45,,Includes Community Health Workers .,EN,2024-05-20 00:00:00
HWF_0024,Community Health Workers (number),numeric,AFR,Africa,Country,BWA,Botswana,Year,2003,false,,,,,,,,,,,,,867.00,,,,,,867,,Includes Community Health Workers .,EN,2024-05-20 00:00:00
HWF_0024,Community Health Workers (number),numeric,WPR,Western Pacific,Country,CHN,China,Year,2003,false,,,,,,,,,,,,,867778.00,,,,,,867 778,,Includes Community Health Workers .,EN,2024-05-20 00:00:00
HWF_0024,Community Health Workers (number),numeric,AMR,Americas,Country,GRD,Grenada,Year,2002,false,,,,,,,,,,,,,45.00,,,,,,45,,Includes Community Health Workers .,EN,2024-05-20 00:00:00
HWF_0024,Community Health Workers (number),numeric,AFR,Africa,Country,BWA,Botswana,Year,2002,false,,,,,,,,,,,,,862.00,,,,,,862,,Includes Community Health Workers .,EN,2024-05-20 00:00:00
HWF_0024,Community Health Workers (number),numeric,AMR,Americas,Country,GRD,Grenada,Year,2001,false,,,,,,,,,,,,,45.00,,,,,,45,,Includes Community Health Workers .,EN,2024-05-20 00:00:00
HWF_0024,Community Health Workers (number),numeric,AMR,Americas,Country,KNA,Saint Kitts and Nevis,Year,2001,true,,,,,,,,,,,,,48.00,,,,,,48,,Includes Community Health Workers .,EN,2024-05-20 00:00:00
HWF_0024,Community Health Workers (number),numeric,EMR,Eastern Mediterranean,Country,PAK,Pakistan,Year,2001,false,,,,,,,,,,,,,5669.00,,,,,,5669,,Includes Community Health Workers .,EN,2024-05-20 00:00:00
HWF_0024,Community Health Workers (number),numeric,AFR,Africa,Country,BWA,Botswana,Year,2001,false,,,,,,,,,,,,,821.00,,,,,,821,,Includes Community Health Workers .,EN,2024-05-20 00:00:00
HWF_0024,Community Health Workers (number),numeric,WPR,Western Pacific,Country,CHN,China,Year,2000,false,,,,,,,,,,,,,1319357.00,,,,,,1 319 357,,Includes Community Health Workers .,EN,2024-05-20 00:00:00
HWF_0024,Community Health Workers (number),numeric,AFR,Africa,Country,BWA,Botswana,Year,2000,false,,,,,,,,,,,,,1269.00,,,,,,1269,,Includes Community Health Workers .,EN,2024-05-20 00:00:00
HWF_0024,Community Health Workers (number),numeric,AMR,Americas,Country,GRD,Grenada,Year,2000,false,,,,,,,,,,,,,45.00,,,,,,45,,Includes Community Health Workers .,EN,2024-05-20 00:00:00
HWF_0024,Community Health Workers (number),numeric,AMR,Americas,Country,VCT,Saint Vincent and the Grenadines,Year,2000,true,,,,,,,,,,,,,45.00,,,,,,45,,Includes Community Health Workers .,EN,2024-05-20 00:00:00
HWF_0024,Community Health Workers (number),numeric,EMR,Eastern Mediterranean,Country,PAK,Pakistan,Year,2000,false,,,,,,,,,,,,,5443.00,,,,,,5443,,Includes Community Health Workers .,EN,2024-05-20 00:00:00
HWF_0024,Community Health Workers (number),numeric,WPR,Western Pacific,Country,CHN,China,Year,1999,false,,,,,,,,,,,,,1324937.00,,,,,,1 324 937,,Includes Community Health Workers .,EN,2024-05-20 00:00:00
HWF_0024,Community Health Workers (number),numeric,AMR,Americas,Country,KNA,Saint Kitts and Nevis,Year,1999,false,,,,,,,,,,,,,32.00,,,,,,32,,Includes Community Health Workers .,EN,2024-05-20 00:00:00
HWF_0024,Community Health Workers (number),numeric,AMR,Americas,Country,GRD,Grenada,Year,1999,false,,,,,,,,,,,,,45.00,,,,,,45,,Includes Community Health Workers .,EN,2024-05-20 00:00:00
HWF_0024,Community Health Workers (number),numeric,EMR,Eastern Mediterranean,Country,PAK,Pakistan,Year,1999,false,,,,,,,,,,,,,5299.00,,,,,,5299,,Includes Community Health Workers .,EN,2024-05-20 00:00:00
HWF_0024,Community Health Workers (number),numeric,AFR,Africa,Country,BWA,Botswana,Year,1999,false,,,,,,,,,,,,,775.00,,,,,,775,,Includes Community Health Workers .,EN,2024-05-20 00:00:00
HWF_0024,Community Health Workers (number),numeric,WPR,Western Pacific,Country,CHN,China,Year,1998,false,,,,,,,,,,,,,1327633.00,,,,,,1 327 633,,Includes Community Health Workers .,EN,2024-05-20 00:00:00
HWF_0024,Community Health Workers (number),numeric,AMR,Americas,Country,KNA,Saint Kitts and Nevis,Year,1998,false,,,,,,,,,,,,,32.00,,,,,,32,,Includes Community Health Workers .,EN,2024-05-20 00:00:00
HWF_0024,Community Health Workers (number),numeric,AMR,Americas,Country,GRD,Grenada,Year,1998,false,,,,,,,,,,,,,40.00,,,,,,40,,Includes Community Health Workers .,EN,2024-05-20 00:00:00
HWF_0024,Community Health Workers (number),numeric,EMR,Eastern Mediterranean,Country,PAK,Pakistan,Year,1998,false,,,,,,,,,,,,,4959.00,,,,,,4959,,Includes Community Health Workers .,EN,2024-05-20 00:00:00
HWF_0024,Community Health Workers (number),numeric,AFR,Africa,Country,BWA,Botswana,Year,1998,false,,,,,,,,,,,,,742.00,,,,,,742,,Includes Community Health Workers .,EN,2024-05-20 00:00:00
HWF_0024,Community Health Workers (number),numeric,WPR,Western Pacific,Country,CHN,China,Year,1997,false,,,,,,,,,,,,,1317786.00,,,,,,1 317 786,,Includes Community Health Workers .,EN,2024-05-20 00:00:00
HWF_0024,Community Health Workers (number),numeric,AMR,Americas,Country,KNA,Saint Kitts and Nevis,Year,1997,false,,,,,,,,,,,,,17.00,,,,,,17,,Includes Community Health Workers .,EN,2024-05-20 00:00:00
HWF_0024,Community Health Workers (number),numeric,EMR,Eastern Mediterranean,Country,PAK,Pakistan,Year,1997,false,,,,,,,,,,,,,4589.00,,,,,,4589,,Includes Community Health Workers .,EN,2024-05-20 00:00:00
HWF_0024,Community Health Workers (number),numeric,WPR,Western Pacific,Country,CHN,China,Year,1996,false,,,,,,,,,,,,,1316095.00,,,,,,1 316 095,,Includes Community Health Workers .,EN,2024-05-20 00:00:00
HWF_0024,Community Health Workers (number),numeric,AMR,Americas,Country,KNA,Saint Kitts and Nevis,Year,1996,false,,,,,,,,,,,,,17.00,,,,,,17,,Includes Community Health Workers .,EN,2024-05-20 00:00:00
HWF_0024,Community Health Workers (number),numeric,SEAR,South-East Asia,Country,MDV,Maldives,Year,1996,false,,,,,,,,,,,,,323.00,,,,,,323,,Includes Community Health Workers .,EN,2024-05-20 00:00:00
HWF_0024,Community Health Workers (number),numeric,EMR,Eastern Mediterranean,Country,PAK,Pakistan,Year,1996,false,,,,,,,,,,,,,4407.00,,,,,,4407,,Includes Community Health Workers .,EN,2024-05-20 00:00:00
HWF_0024,Community Health Workers (number),numeric,WPR,Western Pacific,Country,AUS,Australia,Year,1996,false,,,,,,,,,,,,,708.00,,,,,,708,,Includes Community Health Workers .,EN,2024-05-20 00:00:00
HWF_0024,Community Health Workers (number),numeric,WPR,Western Pacific,Country,CHN,China,Year,1995,false,,,,,,,,,,,,,1331017.00,,,,,,1 331 017,,Includes Community Health Workers .,EN,2024-05-20 00:00:00
HWF_0024,Community Health Workers (number),numeric,AFR,Africa,Country,RWA,Rwanda,Year,1995,false,,,,,,,,,,,,,12000.00,,,,,,12 000,,Source: Rwanda case study. USAID MCHIP Case Studies of Large-Scale Community Health Worker Programs (January 2017),EN,2024-05-20 00:00:00
HWF_0024,Community Health Workers (number),numeric,AMR,Americas,Country,KNA,Saint Kitts and Nevis,Year,1995,false,,,,,,,,,,,,,17.00,,,,,,17,,Includes Community Health Workers .,EN,2024-05-20 00:00:00
HWF_0024,Community Health Workers (number),numeric,EMR,Eastern Mediterranean,Country,PAK,Pakistan,Year,1995,false,,,,,,,,,,,,,4185.00,,,,,,4185,,Includes Community Health Workers .,EN,2024-05-20 00:00:00
HWF_0024,Community Health Workers (number),numeric,AMR,Americas,Country,KNA,Saint Kitts and Nevis,Year,1994,false,,,,,,,,,,,,,17.00,,,,,,17,,Includes Community Health Workers .,EN,2024-05-20 00:00:00
HWF_0024,Community Health Workers (number),numeric,EMR,Eastern Mediterranean,Country,PAK,Pakistan,Year,1994,false,,,,,,,,,,,,,4107.00,,,,,,4107,,Includes Community Health Workers .,EN,2024-05-20 00:00:00
HWF_0024,Community Health Workers (number),numeric,AMR,Americas,Country,KNA,Saint Kitts and Nevis,Year,1993,false,,,,,,,,,,,,,17.00,,,,,,17,,Includes Community Health Workers .,EN,2024-05-20 00:00:00
HWF_0024,Community Health Workers (number),numeric,SEAR,South-East Asia,Country,MDV,Maldives,Year,1993,false,,,,,,,,,,,,,286.00,,,,,,286,,Includes Community Health Workers .,EN,2024-05-20 00:00:00
HWF_0024,Community Health Workers (number),numeric,EMR,Eastern Mediterranean,Country,PAK,Pakistan,Year,1993,false,,,,,,,,,,,,,3920.00,,,,,,3920,,Includes Community Health Workers .,EN,2024-05-20 00:00:00
HWF_0024,Community Health Workers (number),numeric,AMR,Americas,Country,KNA,Saint Kitts and Nevis,Year,1992,false,,,,,,,,,,,,,17.00,,,,,,17,,Includes Community Health Workers .,EN,2024-05-20 00:00:00
HWF_0024,Community Health Workers (number),numeric,EMR,Eastern Mediterranean,Country,PAK,Pakistan,Year,1992,false,,,,,,,,,,,,,3796.00,,,,,,3796,,Includes Community Health Workers .,EN,2024-05-20 00:00:00
HWF_0024,Community Health Workers (number),numeric,AMR,Americas,Country,KNA,Saint Kitts and Nevis,Year,1991,false,,,,,,,,,,,,,17.00,,,,,,17,,Includes Community Health Workers .,EN,2024-05-20 00:00:00
HWF_0024,Community Health Workers (number),numeric,SEAR,South-East Asia,Country,MDV,Maldives,Year,1991,false,,,,,,,,,,,,,234.00,,,,,,234,,Includes Community Health Workers .,EN,2024-05-20 00:00:00
HWF_0024,Community Health Workers (number),numeric,WPR,Western Pacific,Country,CHN,China,Year,1990,false,,,,,,,,,,,,,1231510.00,,,,,,1 231 510,,Includes Community Health Workers .,EN,2024-05-20 00:00:00
HWF_0024,Community Health Workers (number),numeric,AMR,Americas,Country,KNA,Saint Kitts and Nevis,Year,1990,false,,,,,,,,,,,,,17.00,,,,,,17,,Includes Community Health Workers .,EN,2024-05-20 00:00:00
HWF_0024,Community Health Workers (number),numeric,SEAR,South-East Asia,Country,MDV,Maldives,Year,1989,false,,,,,,,,,,,,,224.00,,,,,,224,,Includes Community Health Workers .,EN,2024-05-20 00:00:00
HWF_0024,Community Health Workers (number),numeric,SEAR,South-East Asia,Country,MMR,Myanmar,Year,1988,false,,,,,,,,,,,,,1557.00,,,,,,1557,,Includes Community Health Workers .,EN,2024-05-20 00:00:00
HWF_0024,Community Health Workers (number),numeric,WPR,Western Pacific,Country,CHN,China,Year,1985,false,,,,,,,,,,,,,1293094.00,,,,,,1 293 094,,Includes Community Health Workers .,EN,2024-05-20 00:00:00
HWF_0024,Community Health Workers (number),numeric,WPR,Western Pacific,Country,CHN,China,Year,1980,false,,,,,,,,,,,,,3820776.00,,,,,,3 820 776,,Includes Community Health Workers .,EN,2024-05-20 00:00:00
HWF_0024,Community Health Workers (number),numeric,WPR,Western Pacific,Country,CHN,China,Year,1978,false,,,,,,,,,,,,,4777469.00,,,,,,4 777 469,,Includes Community Health Workers .,EN,2024-05-20 00:00:00
