table,base,table_id,base_id
Organisations,Ersilia Content,tblxKMlzYuoSzBaDC,app1iYv78K6xbHkmL
Contacts,Ersilia Content,tblcPPdA87dn9aN3f,app1iYv78K6xbHkmL
Projects,Ersilia Content,tblQlxprqUmjHxrmF,app1iYv78K6xbHkmL
Grants,Ersilia Content,tblBtzVd3YvE53PnJ,app1iYv78K6xbHkmL
Donations,Ersilia Content,tblWRItVZsc24vmKR,app1iYv78K6xbHkmL
Community,Ersilia Content,tblS9TeBRYUpLwSCk,app1iYv78K6xbHkmL
Blogposts,Ersilia Content,tblsBj6ZoDNMlmrzm,app1iYv78K6xbHkmL
Publications,Ersilia Content,tbljYubYjWAtO1ab8,app1iYv78K6xbHkmL
Events,Ersilia Content,tbltd1A9nnXy6Ug8p,app1iYv78K6xbHkmL
News,Ersilia Content,tbl5t9G5bAXV9pOBk,app1iYv78K6xbHkmL
Videos,Ersilia Content,tblaqHNyAnG4Xh70b,app1iYv78K6xbHkmL
Repositories,Ersilia Content,tbluZtI3W9pseCSPH,app1iYv78K6xbHkmL
Conferences,Ersilia Content,tblLPfxLvlsaWNPsr,app1iYv78K6xbHkmL
Countries,Ersilia Content,tblujd4T9of8KAmP2,app1iYv78K6xbHkmL
Models,Ersilia Model Hub,tblZGe2a2XeBxrEHP,appgxpCzCDNyGjWc8