id,createdTime,Author,Date,Image,Intro,Name (from Author),Publisher,Quarter,Slug,Title,URL,Year
rec0L2Xxl5sY2OOuV,2024-01-28T12:08:38.000Z,['rec5tJqH6R8tZN92D'],2024-01-06,"[{'id': 'attBEjvZ2FIgNfUAf', 'width': 740, 'height': 460, 'url': 'https://v5.airtableusercontent.com/v3/u/35/35/1731542400000/XNKcW1ySzKRdB6g1hdvSpA/ipdml9EioutrZhE3LAzyskm1tmFz9t8TD50c2i_BjzeCDBXhOq7KBz9qp2QwAgJjDgRBXPy2EtxJjiaqzt2HQcn79xnxsM4oALI2hmN8uEWDdsGXW0Z37hRavXM65DmuZWQZkgZThRPvYQ_cWoPYTRWJccLWxCDMR1sKFNvCbxOipKieVgz7MK7OemCZ824S/nD_MlpK9uI4sdhcgM1SKdViPHMpLQiMvKX7gmboR0wo', 'filename': '30c761_bee7ee2e5e5643fa86eb13760927ea8d~mv2.webp', 'size': 75604, 'type': 'image/webp', 'thumbnails': {'small': {'url': 'https://v5.airtableusercontent.com/v3/u/35/35/1731542400000/8R9GxAJxjfhLrruYVPLeLw/qVnDZy5TXkNNEydsaOEVqb-eNkephV6HUOOOXsqI5FTAZEvDOcH4s_aprkCNdVTmCpJIuAnJnn5v7ZBZz3cRvxxyCOEKCqskO-FcTzTGvxTDotclnUbNfTNAHUT5sXd3lLSlmLiiFfktEWjm6OBGXA/O7NjxrYL-EVr1dap6bFwMQmmYbO__JuFQ8Zp45sYnwE', 'width': 58, 'height': 36}, 'large': {'url': 'https://v5.airtableusercontent.com/v3/u/35/35/1731542400000/AeTeGV5IWDlRjrulvfSzaw/JV01C7hNPzgxY64NacdCHIdL-jVsZkWItxYwrWHafy4BDd1yLBgC9ymAR1G-2uL1bwwKu1CbM6IWiN9KUkHlxgAL-qM6TvhkgvwiaWB6r4JqRwz4tsBryvTDaoQg9GulbpaghylTJhkanmHlZkv0Wg/xLbyiOGDHmhYbv5jocY5njb-5GlbUNSQGXkVFGfkzEY', 'width': 740, 'height': 460}, 'full': {'url': 'https://v5.airtableusercontent.com/v3/u/35/35/1731542400000/_t7_QgPoABFx1rmnRutB5Q/-hEnaTKR7xcHWeE-dftnU3r4nzKMlRlWHjU6wVVFaaDqyCqcSkRKvTbugzUXaCUvS-59VFae7WNUrJNiBhJIfqci7a_lOy1Oxn1BWuRqJDWPwUpiAuy8_ZPmUNQJDH5Moyj2f4ksjZNqhfvgJAvL0w/j2mtabCQfBOkYjMJyGM5Snfsh2EjpwhINc8tcYdqees', 'width': 740, 'height': 460}}}]",The Good Data Institute wrote this piece on the model inference pipeline they built for Ersilia,['David Cole'],Other,Q1,gdi-model-inference,Pipeline Dreams: SMILES All Around as MLOps Boosts Drug Discovery,https://www.gooddatainstitute.com/post/pipeline-dreams-smiles-all-around-as-mlops-boosts-drug-discovery,2024
rec3DTEtPeXgyHQOX,2021-08-31T07:09:34.000Z,['recLZbmJVAqs3sfvw'],2021-08-31,"[{'id': 'att5UjHMFDAm0ggb9', 'width': 1400, 'height': 933, 'url': 'https://v5.airtableusercontent.com/v3/u/35/35/1731542400000/D4ic61NL1BX47lGnawVC3g/fOCd-bAg080IJ02lwCpb-avquLjIKATm-TcNuIz78HRP_hzytSWLxAex1WmcwT-ImrGSeJFBJ-2vktGT6s-jc4rX47MQYHvs4_09rO58a3unskA1rpZy8T4QkwSijFCKxOkYn_pab-sk2iNwc4cc3A/T-xrKdZ7jCgpnZqmMVNo8HtNYyMHnQdQfm4NPOOuFwo', 'filename': 'blogpost.jpeg', 'size': 217487, 'type': 'image/jpeg', 'thumbnails': {'small': {'url': 'https://v5.airtableusercontent.com/v3/u/35/35/1731542400000/S6WwWeeVqYY74Nc3Nrm_4Q/6F55lEcoe4R2jI58HzC2jCMtB4FL35oyAGAmtRjZOBMl-cxzyRbHO-5JX0LsLt6nZQPXIUqsbfcFyOvXWF_gLgiT0x1Rd_xXeU-Jvc1iNoB9hRUYs2ubXSXqUjZLcGZnJLGmOfMeSX4HmiYSskIU6Q/gic2ZI3XmaDgCMWft8FUaGk1S4JSKHekSa1fJVtJz7k', 'width': 54, 'height': 36}, 'large': {'url': 'https://v5.airtableusercontent.com/v3/u/35/35/1731542400000/wlBNqQiljyxREu4n3ry2gg/LNHqwWgl8QI3mCR2cgO4YpBkf1-LM0CHboj555llD4XT9kQxB7axHm3tjSRTXZmAW17covhwbb3NyDtoXOrbDcx0YohlkjSmfq2vmp9IRtIJn5EvfWDz3Vj0F319N9I0eLHnxgQCuAbPaB29VqaD8g/UVcWWuIegwC471IxslfFhd0N3-7evMI5tzNZ7Q_Xiho', 'width': 768, 'height': 512}, 'full': {'url': 'https://v5.airtableusercontent.com/v3/u/35/35/1731542400000/Dr3PO_mRDfRXAxASKq1fDg/qvuwtzUFJPog_ZuRuSxOH947YLGqCiGxrFEWxa3XDRzo2gBjfJhBNvTZFujWDOrAx9PhSKe9q72fz8Ac9bQjQdxJ9ZN4mZL97198puRpxRQudmX4wR3nfGv-ZG1xbuX_Mc2KdOMtNzgmXvwMHzi_OQ/4kRQ1pUBcL7W5LNOTQiMWC5SM4R_u5RBkkI2fm7Tn0o', 'width': 3000, 'height': 3000}}}]","If you are a charity leader and feel that professional business consultancy and mentoring can bring your charity to the next level, do not miss this post!",['Gemma Turon Rodrigo'],Ersilia,Q3,cranfield-support,Pro-bono support from the Cranfield Trust,https://medium.com/ersiliaio/how-the-cranfield-trust-pro-bono-business-and-management-support-has-strengthened-eosis-e9c2b438580a,2021
rec3j4bZkWireN2Rs,2021-08-30T16:28:32.000Z,['recLZbmJVAqs3sfvw'],2021-05-04,"[{'id': 'attcHCXMG79HbsW63', 'width': 818, 'height': 460, 'url': 'https://v5.airtableusercontent.com/v3/u/35/35/1731542400000/IPKZijj92LDckaTvm05_pA/pdHEBZJxAimTjzl1JbGnXo5iEampo3LKpU6GI4OU-y1j8t5X2S2XNodQnRKspp_v0p1k9qBd36vCQmgtYL6h8RKQakCN2FPp0ZT6Z4Kf9Yef8FsscsQ8EGKIJ4Z9VME31-TWycwsD1wAhlsQl9h92ObZodZELuqbVtBFZ5fWVE6-a5QWQngyVyZCSv3Cn71N/MsB3wX9z8rdbl6KlLVVC-UUVU4k_kDo595ii0a-chcc', 'filename': 'This-Just-In-Digital-Development-818x460.jpeg', 'size': 46012, 'type': 'image/jpeg', 'thumbnails': {'small': {'url': 'https://v5.airtableusercontent.com/v3/u/35/35/1731542400000/6arPO3AqF6_dwZIeiJGlmQ/nlqTlHeHviddJnFPZctDvoYSL2A4_ybdRRd1CP4wOfQ6yb0-LC8rsl7PnkwnMchaB5g7r4Opy-FD81aWhBsqQYdfeTOxrmblQYWh5iHeuzNcXgRlJUp8jM1kBzrgjLPEjCcaHEcllelWSc1HMASwJw/uKfkh6yjAMJgnkOMqrjNpwTtcZV4WOx3Wzil3Rj2S1Y', 'width': 64, 'height': 36}, 'large': {'url': 'https://v5.airtableusercontent.com/v3/u/35/35/1731542400000/SKwaDKboPs93WC_e7MHNxw/qG6nCuUdYZb21e6NYEcCbEFyBa6NRit3PCf6c3TuB6E553uNtL_fdw4WTlrrLmah4Z7U_tl-7Al4hPVAhADzdGX1lC4VZwU91GoErSDOoFieF18xrqLv9aIgFX7P3IEwPvqX26PwJ-1J1yIonCdNpg/6El8FqkFUm_SUSRSkyl8NJMwCuOkv_Wf0VoxESwjSnY', 'width': 818, 'height': 460}, 'full': {'url': 'https://v5.airtableusercontent.com/v3/u/35/35/1731542400000/7crpbp8dnmIIq1cMpAN-IQ/sAglfFHhgBYnGwgA6uL7DsCp4LgC65bbp5v40gCDclc50lLqMNwSSxFqby-kpZYpp-Lp-esD7WOUMOa5QLYzLmT97jqiPF3hNWJF6lt6iUP4mC5G_DYUiiy1Fm1lBo9rYRiRnVyWZv-oS_oKv8hH5g/bOvcJ-5r9r5KSKKys5We98KWIsIsHeOkm90JbcZn914', 'width': 3000, 'height': 3000}}}]",An applied example: Ersilia Open Source Initiative,['Gemma Turon Rodrigo'],Ersilia,Q2,digital-technologies-nonprofits,How to harness the power of digital technologies for non-profits,https://medium.com/ersiliaio/how-to-harness-the-power-of-digital-technologies-for-non-profits-24176b63a4a7,2021
rec5xPey95UNg2PGm,2024-08-19T09:33:59.000Z,,2024-08-19,"[{'id': 'attYtfqRpLk8bCNI1', 'width': 1200, 'height': 630, 'url': 'https://v5.airtableusercontent.com/v3/u/35/35/1731542400000/TaqJIeKoBnDzJotJ7XBjlQ/fT8lDEIdEOmPxtcQhwZHle_hy_QoBjQ_nT7UU7ZT3h72tyq9YhNUxkJZZvonk11wa2jUCcLpjxEkor4q3LVaLVPwf6OnkQAiJTMNs6VWg8l4gkLCwHqR6m3yiYJK-9yKtKIrMttyLcVdC66TlOZIYg1D_d3Fke_wMiz2JvwN24o_cX-N1t5js-HnCWMlPYm4/dSIbJhvFJGsrun91Hm_k4upXvbsBoHci3X6gRCLrwc4', 'filename': 'Collaboration-LightMode-2-1.webp', 'size': 119450, 'type': 'image/webp', 'thumbnails': {'small': {'url': 'https://v5.airtableusercontent.com/v3/u/35/35/1731542400000/wX_1v4_3-TbJZtI66bic_g/fF4nfJFZ4BNjZzqGycCyhgy9LeG56tL0MG027b-u3sNAZhH1HfvhJ35BacceUY7PbH_GOY8JItfj_B0Luxo-VMAVJW-Hp76y5VgkBO6zO93-Ku9yB7vKLeC1VE96NcARM0XY-3NFi_1ws4t-yMRfeQ/B_b1ijj6ShpuDaNCxDLT4bYA4mOzQuf3n_IreAD2qHo', 'width': 69, 'height': 36}, 'large': {'url': 'https://v5.airtableusercontent.com/v3/u/35/35/1731542400000/uESTxjwJoTNYB1cTrd47Bg/faVryIoIKTfhozSZ-vRhXPiBLrzJejJ9Ck2khwdlBwdn_Y4ckpobzvlqXl6Js5_lJqWTFiusorhEQFEccYoOGX7BY_kNh4VpIz-Nc6AmTEA96t8QI-Xfnop92pHKoAbp-s37uhwWu_HpbWGf1mLTSA/ZVVIaswDQ3QIcRQMJLg7Q_qgTVa3t1ZNoj3L1O_98Xc', 'width': 975, 'height': 512}, 'full': {'url': 'https://v5.airtableusercontent.com/v3/u/35/35/1731542400000/0CXP0j0BfQ3aZcW-4LS0KA/m0aC_GNIEzNgQ-94_NonBs21o1RTc22Tkat5wzFhNhfc1S3r3vd5kG3yqTjwlMbAnDx-8Hua1tkx92DrSL_O8cdYfGcLCEub95WD0EnYJO2SffATNDbkxySxdbPTBGE1MzH1btxm0zQYrwKO9QVPBQ/VLy3LugyGRNk_Q21QIdqEGy_lt7ACjVbcGZJYHe7Uo8', 'width': 1200, 'height': 630}}}]",Discover how the Ersilia Open Source Initiative accelerates drug discovery by using GitHub Actions to disseminate AI/ML models.,,Other,Q3,github-self-service,How Ersilia distributes AI models to advance global health equity,https://github.blog/open-source/social-impact/automating-open-source-how-ersilia-distributes-ai-models-to-advance-global-health-equity/,2024
rec6tAV60glVg33Q0,2023-07-28T18:56:30.000Z,['recRbPDMRtxZLdcGj'],2023-07-28,"[{'id': 'attzYNTcR4UtbLKA9', 'width': 768, 'height': 1024, 'url': 'https://v5.airtableusercontent.com/v3/u/35/35/1731542400000/0QEZI7mR7sIUbGu01YVcPQ/anHbsIvTeZwLH2ZUf9DEF3ii61mm_l6OYVIiiqoL1g22W0zFgFQyJpRSJ4uM3fH9YMRI1QmmYTp2vWzKyATX-zdj6OEPVMkcVeORPaiaHO0hgWnHTaV6688EOtqC6JqCgOAsKJqMx-EUI0RnVinJp8RvSbFoqHlzI3AIW2Nl5wU/t0TYvByE_aeoKP6MpAxZ5usB6y1UZOUIHiNwjr6ZBys', 'filename': 'IMG_20220728_101322-768x1024.jpg', 'size': 172777, 'type': 'image/jpeg', 'thumbnails': {'small': {'url': 'https://v5.airtableusercontent.com/v3/u/35/35/1731542400000/2_SYn2i1mMNTYW1_5UcBAA/pnPX2xFneJecfyI4vWO3JWBMYpBi4BYyG_cQQZHZTZKmm8OPRP1vbEzUUUFkqpwq1_ZD-shphf91qeBhVaz_ZdQSjMtgLzMCjvnX8E0jvOKuMNuwwZEy2opOSJzJ2WM8xxxxlSOcb4QV2Qxd3T7vow/BttsQmHSepk9EL5UenhHsuSUADQbfEtFFgKZdiPnAgo', 'width': 27, 'height': 36}, 'large': {'url': 'https://v5.airtableusercontent.com/v3/u/35/35/1731542400000/vdP4_dyl7Sq2YIgecRO9Ig/NXvMms5xMJkzQV1cedZUlhrzq6ugZYdoOniX-3j5T3WhXTjzlZ4a2NC5YLBCQzE7ccHMdvAn7apWYbuQAyCCrh_G49dNp9v0_4FXXGXLJG_kZngJln8Xck_wTh1f8p3iR9S17gn8wAe6IEVi-nCwqA/h_7hm3N3Fg8N9D40FUsexRGMEXc1p2VHJc-ehELCyjg', 'width': 512, 'height': 683}, 'full': {'url': 'https://v5.airtableusercontent.com/v3/u/35/35/1731542400000/cwwpE_MB4mGzCGhSwVenWQ/2NKEr1QQ4XRChiSOW_1duFd4bHy9UoKOT4vcuupwpLNzrh33n2YmwYtuLsu1WBACl0OIelLviNR64riCn16o4Uorfb3njBXcai1FvPMJUkIxCeocn1Fj4mhTtlzjYxuJ_bJvoKWd2ZX1-_theuiFJA/J3rlIc71EYfFc5PfYMWX9P4TJxDUPW9eB8hD_6uLw8s', 'width': 3000, 'height': 3000}}}]","WCAIR, a leading center for anti-infective drug discovery, offered a one-month introductory course for data scientists and software engineers",['Miquel Duran Frigola'],Ersilia,Q3,wcair-drug-discovery,WCAIR’s drug discovery beginner’s guide for the Ersilia community,https://medium.com/ersiliaio/wcairs-drug-discovery-beginner-s-guide-for-the-ersilia-community-3523b2487bdd,2023
rec8X0PLwS7AZvvh6,2023-06-07T12:20:09.000Z,['recm2QzzCp8DSYF54'],2023-06-06,"[{'id': 'att2kHYb50i85gwSy', 'width': 1200, 'height': 800, 'url': 'https://v5.airtableusercontent.com/v3/u/35/35/1731542400000/7_SjSKYPiQWtpeEHXt4baA/SfleQjXe6woddNsHbbDlCOyrGerZcZ69lkvogoChWQM4M842Dypy1oFoOiddlaRS1e_RSnGd6v74VXKHYtGpf0sC79XGtzbjVN7gQlUt5XxH525AZX4pA3qsSnwdmivJnRut0igfwdV-kUyxRA-f5aTO1aItlVx4SM7HLBmitO8/_Z-2oWiUu_Cn1hPWGP8gZGDuUcCxC2Na3FRnobv_Qy0', 'filename': 'take-github-repositories-ios.jpeg', 'size': 560610, 'type': 'image/jpeg', 'thumbnails': {'small': {'url': 'https://v5.airtableusercontent.com/v3/u/35/35/1731542400000/BkdGZ4teqR2r2lsHwwaB8A/E4Y_sM39JdQrT7NXBIz2yNXQsUTmQjM4Jz0rBoRRhwvvWNjQ0gkCyfnECzQBShFAU8Jc-xUIHpDrjdRa5b4vLyKisaUvvRSPOJ1Ga982uYCPffGO74sdvVT2tG__ZMqsxv6hzSkzU421PLaGEDvofA/EXeE46pAOPuSYfGbxCGbMxqBPizVO40Z5BE38C05IVY', 'width': 54, 'height': 36}, 'large': {'url': 'https://v5.airtableusercontent.com/v3/u/35/35/1731542400000/IIOqf2NWmBivwjgpVxxBXw/k21WMBc4nNX0kWQ5vYHHbGJ0JZePiikvD4BH04zSeKigyizxHfZSG0rs0NTMqUdejd00ZgqRh_Lq8wMTU7k3drfpfjj3yktaUnH-VH0TkkmzTz6lJH76qKY_YbGjkHu168iLsDQpWI3ED-8S8pp1Ag/5LtnLLBMIyzPzFPjWoHVQbm0BKEaODg7E4oF6qjiKjw', 'width': 768, 'height': 512}, 'full': {'url': 'https://v5.airtableusercontent.com/v3/u/35/35/1731542400000/ukz50i2EXrtwXaU0Fuj9EQ/ZkqLh9h8ITN1-K4sdPpHnNaV_w9ochwoaG5Hw0o9Fnv5UWy0siUqFV0rJt62YI6beohuomC3HeOnqxEz6wTJXx9KAGrRhb2UwfVnDlI_6PhuavzOcwmdq14A-lWDVvjjxsMeMA42_q0rljETcw7uSA/OEyxF2Fk5XD9Rs98xEQpgubvZpV26-E0MsI2ozKUJXo', 'width': 3000, 'height': 3000}}}]",Cynthia Lo (GitHub) reports how a team of GitHub volunteers has supported Ersilia to scale-up model incorporation workflows,['Cynthia Lo'],Other,Q2,github-social-impact,Skills-Based Volunteering case study - How GitHub Actions help Ersilia,https://socialimpact.github.com/insights/Skills-Based-Volunteering-case-study-with-Ersilia/,2023
rec9tWfNa0ANhaIxu,2021-08-29T20:32:49.000Z,['recLZbmJVAqs3sfvw'],2021-08-05,"[{'id': 'attDSiACoGNLoaOGv', 'width': 4288, 'height': 2848, 'url': 'https://v5.airtableusercontent.com/v3/u/35/35/1731542400000/EppFSjWuL1OQmNNOoBQ25g/qqxpfaP0fu8jazMJ7hguntpi06fZXcGdiGWaUy73kBQ_fF5AvAIqJpoRi_kTI1BzzqRk7KJ0IBrCN5zqXJ6--Ko_7O_NDJEp2nlL0hChs8VBmg5Xas3zryzcnTK6hHjhRhZn1_a4Vc2w6POjVnntrabGcuKqRfuuG-hnqHPNHxOpXalh7h8T5S4E3SUoMU_U/34WuRVDV3sZViER7FENrBfpJc5jZrLxfePnFGOCFmZY', 'filename': 'priscilla-du-preez-FOsina4f7qM-unsplash.jpg', 'size': 1153884, 'type': 'image/jpeg', 'thumbnails': {'small': {'url': 'https://v5.airtableusercontent.com/v3/u/35/35/1731542400000/cpWJW3fuTMj5c_G1s_N1CA/1EHEinOEL7z5tpD05ZqZQ-7ygi-80F3ZqRoBGvaMOP6IonOhbabGu7jqFZjXDfPlsxx276IkARNMBlnFhPV_YfQNc6bKR48R5dK-L4GGaRAfn7TBDh7nXgRBXvyHDTIhY83Yu8LN_0Ex8tPGHQhUZQ/C7DanHpC6MzKcbl_rwo9UxvEFGPpMXbyn4A26EJnGeY', 'width': 54, 'height': 36}, 'large': {'url': 'https://v5.airtableusercontent.com/v3/u/35/35/1731542400000/16EyYpZnDtqm7ZTBq0UqJw/JZ44UEcFmv8JW9A92OCRSzgm6bXul6ZIfs_s0pbhmQQtk6iFCwofhKZlnZcQlHBl9q_bW7adwRr5g4U9RFxiyrOxicTA4G9DQZwqIuQplkDboJlkUgbs4MHVCyXmHVTR5lNQFoJrhZP_OUBk9YiR0Q/wO_Ht6IrrmqnsK_kKXCd4sSYqYdkMfRnhxEcRM61iac', 'width': 771, 'height': 512}, 'full': {'url': 'https://v5.airtableusercontent.com/v3/u/35/35/1731542400000/BGOBkurkuIs7siTkKEC5hA/Ng3PHJ9Y4-Vbx5zYsdmLzxWpCP81KjQ4CtLKGS4-d9DfLednWpHfutVWndIJWmDXqhDi_FizLZHe0EQ5dkkfRfim2ZoLts5c1i8qyb1BT6aZ7znWRqKjq8oDF5cZoqhD7MvDFc95FriTWmYfNw0G-w/wrFnxChRItmpz4RGmTB7D5y8IKvzaerM6wQ3DsAwlsY', 'width': 3000, 'height': 3000}}}]",What are the real capabilities of AI/ML and what is needed to efficiently incorporate it into day-to-day scientific research?,['Gemma Turon Rodrigo'],Ersilia,Q3,beyond-hype,Beyond the hype of AI/ML in biomedicine,https://medium.com/ersiliaio/beyond-the-hype-of-ai-ml-in-biomedicine-76c198c07467,2021
recC1t4KZduH9FuXL,2023-06-14T11:54:59.000Z,['recRbPDMRtxZLdcGj'],2023-06-14,"[{'id': 'att3W6Y5Ed91jHWtL', 'width': 980, 'height': 653, 'url': 'https://v5.airtableusercontent.com/v3/u/35/35/1731542400000/mDH6hFdUIbCTtq-Kj8lZuw/cuM6qJWn2pFcZsF6FrRTx1FJFGntkCHw7NUUDBfgQnZa2dOQim6E9BRQ0Lrx7YGZ6a79B3wRT-SH0FECpHFTJs-fhsUlsEHx97uTa0fORkfD__CcsXe5aGRmt3KmD9l3cSNHOMKUpt2VbdOuYaGTrQ/Wkp_bKq9mFHeRDmug4tTGgCaM2qKOtwvmpQxf0m79-8', 'filename': 'cism.webp', 'size': 76956, 'type': 'image/webp', 'thumbnails': {'small': {'url': 'https://v5.airtableusercontent.com/v3/u/35/35/1731542400000/4xUp7QRxY6ZF-Pcanzhoaw/Y1xS1abQAPfUMPW0YR3GdSUxuVbESbEcWjFYJFKiSgXTXB90HWQ86kQ9qepxZqyYxz-ELazMSNDjcMO-3DgFxk6JX-jMry1ng1NruH-nj_e2B85UgQ9xcWxKRKWAu6y_W-6iF0abiKlJfhBbD0WzgQ/Jz66c4ZxAJmVwwwmArhSA_KcQ6Tv5BGdy07WwlzDiFQ', 'width': 54, 'height': 36}, 'large': {'url': 'https://v5.airtableusercontent.com/v3/u/35/35/1731542400000/tsWDTFU-GA8WavjmtluEjA/oYaWalaTNYRfHr9YlIjNWgH1wiTKfiNBqfWIx6ZAPMFE2Hn2z8UJFZJW_YROgF7Hxc5hCfmvRqyHAWe2J3qRxfXeCKG6yzglJq2stiVCaxpAubtuiRliQX8AncyToM_oHWzF9LHKeMUZ0fstc7zW7Q/_dqfJFMZYL2--fChuLk0OsEy206wZbG4Xl0asnwKpYY', 'width': 768, 'height': 512}, 'full': {'url': 'https://v5.airtableusercontent.com/v3/u/35/35/1731542400000/QoA5SdddbggXzMFdXzHBhg/dFDjloSNZWDzauq8ZlMDQs-yY8-muWEPvOLSUmrIB3gkdhh2l2oUzhTJzMC30eyYA4UYHY-GtJfyGIHK9rv9C9EdePzQoAkg22CtTYhAFgtkKtv5jh45jAOvEq0sq0NVJdMKfZLYGY_93esQR5HYaA/Wy_AdOsrMKkW7BEjUgyTnm25nV2OjuIh12198Zo1udA', 'width': 3000, 'height': 3000}}}]","In a series of articles, Rosauro Varo Cobos offers his perspective on racism, colonialism and global health",['Miquel Duran Frigola'],Ersilia,Q2,rosauro-varo-cobos,Colonial medicine and global health,https://medium.com/ersiliaio/colonial-medicine-and-global-health-711d90a1c7f8,2023
recDYY2hrXwPBJFn4,2021-08-30T16:24:07.000Z,['recRbPDMRtxZLdcGj'],2021-06-15,"[{'id': 'attvYX55cZilR5IxE', 'width': 1400, 'height': 1052, 'url': 'https://v5.airtableusercontent.com/v3/u/35/35/1731542400000/jNm4PRoodK_7-G6RYlE7dA/xE9lcilVwbT09mPQaKQUt-tOOOM0btJufzEo9jGeXEEOtq8zDpjnyFq_UF1qKKRgegkkwCHrQ9VgR3xHL5K8mk5Itft1COOwTJHefalcjl3fyflOaivktXfeqzElz3uNltOuSe1T6KpSm8ADXCQGkw/c2i7LiIrcEQMQ_kMtotd3L-eDVodb0Fu4Vo3YPFpHIE', 'filename': 'cc-ordered.png', 'size': 1873075, 'type': 'image/png', 'thumbnails': {'small': {'url': 'https://v5.airtableusercontent.com/v3/u/35/35/1731542400000/8KQsEf7gsOoujtSrqhfmAA/guoZQn8AdFXCPLkeuc1BhKJTtIjrUODUH85WqByu7tzaMQthxN9-VPSlALOkNiq3Rj916pNgtAqqLyY4LrJNPlJ1L7IQ_C3M0wlyvsA7M6_vY55cKvslmney7cJdcv7ph9rWQF-zavkkhUUtTMs4CQ/zc7xxsALWEt5r-m6z0v07jzbDlM3gmD12q8tUZ2wwjw', 'width': 48, 'height': 36}, 'large': {'url': 'https://v5.airtableusercontent.com/v3/u/35/35/1731542400000/U0Ikx36gpK72-h_dcsQWXg/QTB5uaDiS6Mue9kg5KNPGuGMzGX9taArq5vMOEB82-C6a59RFym2pxM6Zf8a7xe5nQYhIICQ2LyNKuRiIv1bwvUxE9nAeu2ZNMRgcact0mJmTk12pJRDrd8vm_GP-J3V0LMiBltKejuZYr2ORjJgqQ/QDGbIh_o9gNgt8-6omvIIpkWm5LIfpLCWVF9Wv2FdVU', 'width': 681, 'height': 512}, 'full': {'url': 'https://v5.airtableusercontent.com/v3/u/35/35/1731542400000/GTtaVpOYH7jZaCCC3cDOKQ/Ichj44S41dpNvQrVyOqTBwvlKxtz8N3sOs_nzSqTlAryn5j96a-upBOjqlNLxmEQ44fgkQI5o7Ddd39MciQZj2SYuBJGleKSZJeH4Qh4Iz4BY0vKH_kLlRS5m3B8Iiy6EARSZluK25jES3Tty1cpSA/0Bax7Q0Rgcaclxgmh3V9FlqAZBB76aoJhgYtHtGMdDg', 'width': 3000, 'height': 3000}}}]",Chemical Checker results in a DREAM Challenge,['Miquel Duran Frigola'],Ersilia,Q2,dream-challenge,Outstanding performance in a community challenge,https://medium.com/ersiliaio/outstanding-performance-in-a-community-challenge-for-pan-cancer-drug-discovery-4094d18e27fb,2021
recHDrB5DLe755uKK,2022-06-14T23:38:26.000Z,['recRbPDMRtxZLdcGj'],2022-06-15,"[{'id': 'attaoVWe3pWwGAbls', 'width': 1280, 'height': 724, 'url': 'https://v5.airtableusercontent.com/v3/u/35/35/1731542400000/iiJqp51d-hjcce7kVYVUAA/EIxHYhMv71DZd87c23STNuCWeY9pLis4xxnZazJRrVGMI-4f_Nw0fsVoe1MOGHvvKhjfEpqxqZDVXWKdWTWe5VHR8zU3vfYzasjmzqQv-RFUEWVNcGkkXv0HCqLTehLxxgZp_ZNgDIpt81c9mv1XtITYbPdg7Zj6tQCXB2crUSI/17kiliHrFAVmn1eRQtK9dFWuj5AJGyBqUv0JV5GDvLM', 'filename': 'duchamp-boite-en-valise-01.png', 'size': 1315709, 'type': 'image/png', 'thumbnails': {'small': {'url': 'https://v5.airtableusercontent.com/v3/u/35/35/1731542400000/swWJYH0k0NFayDHvKYbkFQ/B9xeqNiwt1IgjjzzE1T6mJIO5OHLaL-Ymd2ctjJwdkhtU65g0hDNNplRBWVu7csjLOSGuO6ZoGMkl9neDu8CYgo8BBSLgOMHGzDkcCKkOv-ZO537dHr4-Ri5Pk-S72x7m4OpmzoEKu7RnxWs1jWFTQ/RT7k5mNk4yf8eeGpoV6en1MVo4uwp5G3k0yGyyFgqvI', 'width': 64, 'height': 36}, 'large': {'url': 'https://v5.airtableusercontent.com/v3/u/35/35/1731542400000/eZNIQEXvCaPf6wnn4UvC8w/AbnEv2lO_bWKjwUwClS5yeL2-SN8W-FkS4OCGLNh0WFli1JN85CRTMHSu4fRunXQm-KKXb0Mskjyj9SFNVATTV0bB3hjso-q-UGsS48d05cogUYHi0uOywDaf5mBEVyZ5zyX45MbvFxy0PyUVQF3hw/h4vyBTwaupu65GzP5r9FKdw2lmITaQwUYW4q2Xh_T50', 'width': 905, 'height': 512}, 'full': {'url': 'https://v5.airtableusercontent.com/v3/u/35/35/1731542400000/ZeTsoUmIDXB4jDzBM2FtMA/0RJguvFv_ge5sQwfecaYtWbGRbfqDUBW6N4a1F_6fVv2BbcdZyeXqBh4XAPfo0uHqID4Q34NvPaHjVHUG6B8UijNCq8S8eXI_hC2ZjZ8HKEdA7_aRrgpvKL8cQU_JV4v-DWy--wI7vYYp5q3XHTTUQ/UWRKKEOUpqe6s6EIQNBUgDc9VPLJlaY4bMxPh2kp2vE', 'width': 3000, 'height': 3000}}}]","I often go back to Enrique Vila-Mata’s 1985 short novel Brief history of portable literature. I like all Vila-Matas, but this is one of my favourites, although probably not his best. I enjoy its blend of absurdity and erudition, I suppose.",['Miquel Duran Frigola'],Ersilia,Q2,portable-science,Portable science,https://medium.com/ersiliaio/portable-science-345c2faf3d39,2022
recJvPqeP1Nlhy0nO,2023-08-21T15:00:31.000Z,,2023-08-21,"[{'id': 'att0HfDrGLmLclCJL', 'width': 4000, 'height': 6000, 'url': 'https://v5.airtableusercontent.com/v3/u/35/35/1731542400000/5UYNHI2NrOLdWfd-oM9CwA/tpDzXP-JsHdaIxjs7OOQ8uenlGCyvl6hzdkkq1IS2pgoR8YTUKjK5n-ipGDY-5hPA1M7gtT-PFa_j4m-Qz8PuQWyz2Ac6x4xD6Y0IOjWl3dInfjZNyevszxSAnHvgNDmYOqBK6tDJzREoM9RLFhdg5WUQsor2SSAp1d0utFPaHD-flTf-J367jDucdeYz6PY/NMIVHzK19ezjX02mluoo1uWsi6zViY-fFv677ei41IE', 'filename': 'jackson-david-1Y2snhZhH7M-unsplash.jpg', 'size': 2736633, 'type': 'image/jpeg', 'thumbnails': {'small': {'url': 'https://v5.airtableusercontent.com/v3/u/35/35/1731542400000/D5EDf6OW5f96DJ33HjXMkg/VxxJBh7ZAa4zoIa1UUdoeuRWQSfYAbJYNc-vzZ0LLltZLi0iftAgn3vokKPDfJwZ4jclIyDyU0DbMONU_4qo3VciiLQ8sOUzqqLl_aUks8v8UE8nj9nu-BpIqjgWRls-PVrINlakeQSMaKv7vJnYDA/JTvULsAivoCy4UH69jHmHjYUBljEVzIlE9WaRfE73DI', 'width': 24, 'height': 36}, 'large': {'url': 'https://v5.airtableusercontent.com/v3/u/35/35/1731542400000/9lFf1_ghi_Tie151hRNR_Q/0NuMQ_mldyrYQ2I7ltTec0M9Ic_StWemNyg8B033viX61Gl4l199Oug6yZ-SUmNE44rqvV_BhHjWb33uc0mkEmx4Zx5QWa5n3b1YFH_oVumazf6tvmS1lfMBhSd1kKu90x0rvSDkwI7YHXBRUUdaNQ/-iNFs8XbGP03ni4sZihUkK8UuVQLDrUhjN5qiYqGAUY', 'width': 512, 'height': 768}, 'full': {'url': 'https://v5.airtableusercontent.com/v3/u/35/35/1731542400000/Iu4S2nygmlpTXxIlG_ugzw/ac-n6vUQrdcCgHRYInRE39FqeB72ciYAQPWxGENcCEhjD3TVGI0tqG8I0JV6JE-4zObMNOJGWekgKgrNiYGNh1HCxG0W9lLtv4iISIs_ZMAK695x2NCgSQeFcP-qgdA9PXgLJPZy9o5TBX4czxBEmA/NxAoJAQ_pMfhZR_fs9Oriyoq0PbczhCMx70gK1Vs0pw', 'width': 3000, 'height': 3000}}}]",The UK tech publisher Diginomica interviewed Ersilia's co-founders,,Other,Q3,diginomica-media-coverage,Tech for social good - how Ersilia taps into open science AI models to tackle infectious diseases,https://diginomica.com/tech-social-good-how-ersillia-taps-open-science-ai-models-tackle-infectious-diseases,2023
recLwXvbnkZqE3DpE,2024-10-23T20:52:24.000Z,['recRbPDMRtxZLdcGj'],2024-10-23,"[{'id': 'att6kSPrPYZJOlAJN', 'width': 1200, 'height': 676, 'url': 'https://v5.airtableusercontent.com/v3/u/35/35/1731542400000/Cj6zgy3e3ijqJ61Jb-J5Kg/3yW0WF3Jzd8WdWhA_Zh7ev8jSQxWzhE1Qfeqrfz-5OUc8RQ3XtKMcNy_-H8KP7znA0Y31AaQhVVo_TXo1WsM7J4KgapJo2bX1uI2D9WbO7t1WIbV67mr-954vW2N0rhCjQ_OlnehTmM6gcGvElJyYmaDC_low0K5hJQt_AiD9_n-DcsDa45imGe1uqRx7qFX/hORh2R4R7Kq4Zn5ahyPLZbHfxtsdMFTBvfSZ9zpwV-k', 'filename': 'AF_hero_2.width-1200.format-webp.webp', 'size': 41840, 'type': 'image/webp', 'thumbnails': {'small': {'url': 'https://v5.airtableusercontent.com/v3/u/35/35/1731542400000/GEQzT9yTQOtKw-sjq_ZVww/nIuLVHgXAsosKICHZ6ipb7DrIS4wSKBREe7Zq8lhJc_055YSUJB2z4HZDqhdLbboj5A8QVqj1uSKN16GbOydYERBWzizV9BSsaJmkl9dsPBDswGUsZgzjGBECOF4R0NitGeQH9tIKPpcPt-VlPMspg/n8Cxq1OjbsBloh3Jls153OjbmkcIYDr-oAlFNFGJR10', 'width': 64, 'height': 36}, 'large': {'url': 'https://v5.airtableusercontent.com/v3/u/35/35/1731542400000/ZRsqDz7UFqVJ1IgDTpFJcQ/CyuxTZe_9oVPOa1tHKRbEEgXER-MCLxxRCHtHMn3KjnHVRkSyVGW99GZ3xy1JO30OTfeiKY4nk-gGkW7XeZxuaGe-PQFMzc6D50iBQt80rgbmO38itIS7X7Jys6rwjKglJbOPg-WUb4Mvvl301jooA/DvWte7b8xvo5Nd3s1-WRwXrQAdTy0vjBdYlRjKeNx4U', 'width': 909, 'height': 512}, 'full': {'url': 'https://v5.airtableusercontent.com/v3/u/35/35/1731542400000/74J2pBN0slgNHK_jenW9rA/bDPmXUkNi4x-YDCF7DVCEPKLYlUGbq7KxS9ze3v0nuezZ-YTgvfn-j2gupFhls5vzbndfZ7nbvgCgTwzvoFql8pWR7SVX6rLq6H9ekoqtv6sJCSErjIw1I3pGqo3_FRjQLUVIC6sMiQDxr7ShT8xGg/zQAbPlw0SriSwtVttZQeAFwGD4J-kboAqAldFnMA_Eg', 'width': 1200, 'height': 676}}}]","In this piece published in the Mozilla Blog, we explain why the 2024 Nobel Prize for Chemistry is a triumph for open science",['Miquel Duran Frigola'],Other,Q4,nobel-prize-chemistry-open-science,"Community, Code, and Chemistry: The Open Science Behind 2024's Nobel Prize",https://future.mozilla.org/builders/news_insights/community-code-and-chemistry-the-open-science-behind-2024s-nobel-prize/,2024
recM1UwjJhCT12MY1,2024-07-02T18:15:36.000Z,['recLZbmJVAqs3sfvw'],2024-06-28,"[{'id': 'attdETglBnxfvEt5Z', 'width': 2304, 'height': 1792, 'url': 'https://v5.airtableusercontent.com/v3/u/35/35/1731542400000/Dh02K_EJKBS-9eku_eZq4Q/IxgBzNUcvxDVdZ80GEvLdthoN0uwP0zW5zSVjc2Q6q1kVMkNEJBvY2RBuaQa8HIB8F73x4E11KaFFRElLrAUBQmZTw9LxcJrB027wVWb9ofL4Exk2n6n9R0yLagi4Yhd92KkXKUO4hD5UYbVViaExpPUz9MD8i-X1t87Idx6b5XNl5V8wiNObQSbknP-NrNP/6z1TrF03lUV1dxefCppQCVFmNreoNwFuqfLaAdul0MY', 'filename': '1_iaJbbEPXhRZBv9UyOO_yiQ.webp', 'size': 597212, 'type': 'image/webp', 'thumbnails': {'small': {'url': 'https://v5.airtableusercontent.com/v3/u/35/35/1731542400000/VSxc5w_lUxPlgg7q8vZ9LQ/huQ8a7hqWI07El5OW2I1pbyxXq83B_ueXLGtpZiE3IgrRcyReXi-iX71jdLfdhllBvpw-BoIK4KA4Yzfzh60bBiDFRKewOMZxWnYSDf2AHH3aVH1i4mC0SUnOCIaUHWBNz5e92JWv1ZwQNsr--xfOA/_D3dCQGAkbxllSHgJ9EF8LSFKZiZ0o3uAddDo_7Toq0', 'width': 46, 'height': 36}, 'large': {'url': 'https://v5.airtableusercontent.com/v3/u/35/35/1731542400000/qb4_a-vtXJCjQa619Zd3ZA/gFQZQAvNotKfYUC3ndIJoMU-ULJTiceM3_Vh0FT20LwbLKyAyVPBU_nxAgmEy-hnMlBuGRkJX6nhhcIQ3JcImSU_quYSdavCH4Gy2nCYCy_zAvDPiupZUnNIJjXFq_2NGBhhuAeE3GVnDcDYKyDxRg/vToitdQnIrXajX7IjiWUNaBYNtm9URUZZZmMFuZb2gw', 'width': 658, 'height': 512}, 'full': {'url': 'https://v5.airtableusercontent.com/v3/u/35/35/1731542400000/kzr7He3WGkhyQTGyx_wdew/_5TszAI8tyx5u0dShB--NdTK6VQonvMIg8dHHK9rLRr2KGYzu4euW-n7W_uxTes8QWmdftpVxKohgmRu-uIlAWgLHwJfkHWmM9f5yv52sf4X4thMitUyDEvZQWCRtw2JVFf0gapfBdO1fdr4NaqZUA/JWBtvKqv8na-JAaIvwRoEmdUw3Zfv4B5qS3hzpNsoBM', 'width': 2304, 'height': 1792}}}]",We have used popular AI models to generate landscape images associated with infectious and neglected tropical disesease,['Gemma Turon Rodrigo'],Ersilia,Q2,disease-landscapes,Landscapes of disease,https://medium.com/ersiliaio/landscapes-of-disease-acc4f2ef4eb9,2024
recMijfXrooxrnui2,2021-08-29T20:32:49.000Z,['recRbPDMRtxZLdcGj'],2021-08-15,"[{'id': 'attzM9HNyGwta7E6B', 'width': 525, 'height': 410, 'url': 'https://v5.airtableusercontent.com/v3/u/35/35/1731542400000/d6od8MoGT4uhj9oguJ4BLw/AEkpJYJstUqt4uL_jMRCYpRbq_ZJfK0aSZo6dNqhOUR22ba-TOnq2w4p8f6qXGfUnwhNGubcto2Ueo2CvSgSC_FY_boWjSbGHZe_qkxoe0KdvrKTCvydHlN4wFUmt8r02ONL2T9akHJ7M9Er4eTcnIX1fuAuyteFPMaqMi7oUhc/n1avitQdVWR7R7Na7fPQfI4Wo1aQi_ktzuBfsuJtE9w', 'filename': '1_c6en9hjl-WB75BMq0ZHQGA.jpeg', 'size': 65486, 'type': 'image/jpeg', 'thumbnails': {'small': {'url': 'https://v5.airtableusercontent.com/v3/u/35/35/1731542400000/aZgWhQ1GkDrXWhrpTIBAnw/qXlpOjW6t4JYX1nEzOuC4jitwUIbS3BR7t9M1mpGHFltgp28E007U_-SvEXorNtLKGXovhfRpjA8xVOdCy6bPJ89f2T_DIx0tXZO2xkozVnRJMJHH89AeM1tTLR2SKxOMWVUBRnufCf9JlBy9TYdJA/jIKJkM2UMWQzE3YPhICTW7mAc9mu9pinS_LqODhirRg', 'width': 46, 'height': 36}, 'large': {'url': 'https://v5.airtableusercontent.com/v3/u/35/35/1731542400000/h42xBuUDDCcPhyFB5rMy7Q/6z8jPzRNelAvS_owORRO_L3Veg3ukstW_iCaubMuE9EhkzR3CAamMspWTH9JgYZSFDvtKHHPlu3DYW_GqK0h5qUmw2RCJ1Oiv4jhnyur3EHLyFxEVJ2_84iUuCyfjATZK9mbwU1Jj9um2plylyK1bg/x8d4Mc2lO8qHACcYNzVB3PrlsLOm88qU8HX0hmjwzoA', 'width': 525, 'height': 410}, 'full': {'url': 'https://v5.airtableusercontent.com/v3/u/35/35/1731542400000/XBp_eZ_zwxF7iO9ueKzNBg/RjtmRe655npL31xzQ0gA3sSwitHAlwnnFhxxHSQUvAbxlgDTuYcw0FrZHqiL_1Fn9jRfUZEqFH0Y7KluUCh01hFtrZv5TS7qcUrz4Hdvpp5V7-lRuj8BOwX159aR5xuUUyqNuwxWg5RD0FdIIrW4jg/fa3adlQeeMoKs2uHp_dRsoBAtvQPC5z2876KKK4pCms', 'width': 3000, 'height': 3000}}}]",We underwent the online evaluation offered by the Software Sustainability Institute,['Miquel Duran Frigola'],Ersilia,Q3,ssi-health-check,Learnings from a software sustainability health check,https://medium.com/ersiliaio/learnings-from-a-software-sustainability-health-check-4699423f8529,2021
recNOq2pskd2JB64c,2023-01-29T23:38:29.000Z,['recRbPDMRtxZLdcGj'],2023-01-30,"[{'id': 'attWdpJj68A9XgYNl', 'width': 1600, 'height': 1067, 'url': 'https://v5.airtableusercontent.com/v3/u/35/35/1731542400000/7bH6lNz_8vE-O_-24hsI8g/evKlVx66G4L6tLrplXmJId_YO42fd_eRYuvgwY-IDIkgK9D7_IZHyCyTm0sExKTB1pIZ-lLbmS75KbpBWpFjl2sEZYAOQXvNQan_PsPD4AeJ5finu9T9dK9404o1J7UPlX2VE6sCobY8WD9Dgy7KR5jAlS4w0w5XDAiUyatZkX4/wPVPD4qf-8j9q_n5CXDfsghAY74FW45WNcUZ8KESDeM', 'filename': '20181106_AeriaSantPau_3920-1.jpeg', 'size': 499318, 'type': 'image/jpeg', 'thumbnails': {'small': {'url': 'https://v5.airtableusercontent.com/v3/u/35/35/1731542400000/Tb92EKRgOCsUpEqfSaYB1Q/GNBNddQ9AiiBTC9L8S8K_-4qRagLJK0R0lWYxsMTx9qSa9FRndAhRklD5_xQQjgjcimEtFs7ml_ZZDaXdkyOWVjn-yuZ5mY78Mw87vL2Jq_sJJni2iNMSNXqC5ZVM039LnKi2xeZipl8_9Ahtm1DxQ/hQDYkX9bsYGwViFcDPImZwE2XnISOxGyRZidmM2DPAs', 'width': 54, 'height': 36}, 'large': {'url': 'https://v5.airtableusercontent.com/v3/u/35/35/1731542400000/pZSqSaE4dU4ripS7h_L9uQ/1-OzojuOPZ_OztKAQvLEkJ5ZGJ5BPDrQYvmarNXNnsGZ-oc37BFjBgxdAokYt9yro7RqyD11ypVkQW26GllPMHBXzws78L1ZCJ5nCSbUbHxLhlSP-jFpvDm-4NRLt0V1Lz2r4CHQ-5ZhjKvq5X63lw/bUO5P_P1jMcq6HrJ6qwwdpIEsciDfSRTKvnF-ufWmCk', 'width': 768, 'height': 512}, 'full': {'url': 'https://v5.airtableusercontent.com/v3/u/35/35/1731542400000/iaVy-Acz8KYbnCQtwsidew/gXGGKLW1j8gOs2g3lTz1_RX3gJP_o2-n7dmNsenuSO8bs0ErYcvRH_FDsX30ZSpPi-VnA3eBRNYHv7RXnNrSaJcYLL9hTeVSvvF1_V0AOWCUQy6-gbCFrlAQcH4F-lNeX4M439xcMl-jwUAuFPUnWQ/iJSlaMOizlTA-8K3gSx04ydhAXeTUtNgfylEy2jocx4', 'width': 3000, 'height': 3000}}}]","Ersilia is joining the Barcelona Health Hub, a digital health center located in the architectural ensemble of Hospital de Sant Pau",['Miquel Duran Frigola'],Ersilia,Q1,barcelona-health-hub,The new and the old,https://medium.com/ersiliaio/the-new-and-the-old-8edd57f671a5,2023
recPGLPXNvaUHzjqw,2021-08-30T16:20:31.000Z,['recRbPDMRtxZLdcGj'],2021-06-22,"[{'id': 'attPEop3TVPjhscRZ', 'width': 1400, 'height': 933, 'url': 'https://v5.airtableusercontent.com/v3/u/35/35/1731542400000/kywxpykBo-8VdM_GbxwVXQ/mv40Bj9Z4pv7jSZpKkGLubY8h57bFXEnYZdybyQwu4C614G4-77hwUazU_2Fs4K_V1As8aODO4fqT_34DN8QLDlx8trvvCy3Te_Nn99Jao8AqjwfLhLFL1phnJKhnbz5Dm0WY7Ah96fzYD9yoyEyMw/p8oFyO2-4_ZlVA4_uvRDbb3PV7LfTIhJSTKpReJcewg', 'filename': 'brillo-boxes.png', 'size': 1346063, 'type': 'image/png', 'thumbnails': {'small': {'url': 'https://v5.airtableusercontent.com/v3/u/35/35/1731542400000/fKVZMVDcZlk6YEAygeIm8g/7bzruQpehhsiPabyAJkmgn4VGHgtrx9s8Ve4E8QnQ8QGT_SxgE7DerLuyGN4-wal-VGNvb8TwrjRzNoAQc-jyfeKpYKv428TIjHG0ROG1XCqIYZdftjb0PzP_RmhZeLUV99DM_wP4ZIXuu_KDU9acQ/WIQknXtojjgjyTrebDZ30k7tvg8ABSxq-56_tcLsb24', 'width': 54, 'height': 36}, 'large': {'url': 'https://v5.airtableusercontent.com/v3/u/35/35/1731542400000/DlFm6ToXSlqrsVKzDXdaAQ/IjyafbQHP-NwPrhulzulUbWKPq78E1BcTgxbgmpa6l_iZ2dmGn4WlLnPGSV859pm0qJLt8M36AB2VaGouV120rpFOnjbIEzKVigK34daAAT5Z6d8j7wZYivOF_h4WuBBOgCYgEOoFlN-caGJNwKMxQ/7XTHaACwPXCrE-xwY6NaJpVzss7XKxqYS3UHlShNDZM', 'width': 768, 'height': 512}, 'full': {'url': 'https://v5.airtableusercontent.com/v3/u/35/35/1731542400000/Iu99F01nGXl8qlAzpWEVwA/SnxbOBwWs237nZ_PrzTNbMnh9VKUgKAllH-CfgTJNZZU1QuKOEc1gCQ1-6B1LtDe3foF0rlzP5iac1zrPSOkUD5opekl1x1raCP6YGE1J6FNr1PrPPGvD39MQPLUgmSU5Y9T6j391H_hoVbleLenoQ/WRaDahe-ESb0FB9K2ZiF3TOM541PouVzDhGfd_bzLgM', 'width': 3000, 'height': 3000}}}]",Some personal thoughts before populating the Ersilia Model Hub,['Miquel Duran Frigola'],Ersilia,Q2,uncreative-science,Uncreative science,https://medium.com/ersiliaio/uncreative-science-b89d5fca8563,2021
recPo66QRPmG88gwp,2023-10-02T13:30:51.000Z,['recRbPDMRtxZLdcGj'],2023-10-02,"[{'id': 'attQaLAoogagKgNju', 'width': 4608, 'height': 3456, 'url': 'https://v5.airtableusercontent.com/v3/u/35/35/1731542400000/XZdy0Yg5n3dIv79CzsKa2A/X8JFNZdLTXWhqEqsrfBa3zvKy3x6Xyx5dC7SVbXRcCcH-sm8tbR4QIq7lE8A7lqbL_FgXMD91afB3JF8kmBLzG4KPGuPmttnV06MQXx0epOYYXHlzlgAx4Kg_dmEDM3mKnpWhxuLWF9YoadYutfyxKkaZqZC7iJa6BY-6zYYs04/IPSMiK4ZwMjme2mpxsUIHuKzpJtAbVnPrVkJcESZ3JE', 'filename': 'IMG_20230925_171941.jpg', 'size': 5753150, 'type': 'image/jpeg', 'thumbnails': {'small': {'url': 'https://v5.airtableusercontent.com/v3/u/35/35/1731542400000/iPHTKPDYOhBiD_yS2sHebw/5r1Amihk68IFH48upQ1IoLjBS5A8V4AGtGk_oUy-qIX8wFtKMP4osTJQcYOzEJx2JH1U-p0kLCwazIriO4Atd89TZYJoyhuK-POkqd8ONhNDDwDa7FJG2nakI_ZEAW71RtJQxhUMAv8kunU-5coeHw/it9ul3S-2ASk0rpjXU-mxCNc2AsVhWAK8lstGa15knY', 'width': 48, 'height': 36}, 'large': {'url': 'https://v5.airtableusercontent.com/v3/u/35/35/1731542400000/4xrIBumNIp5_VbOZmzZgjA/mSBrAcg6lTOYDRDbH0C8y5Q-FFqOGV45hlutKeMwHgEhF0ZqtBzkf-NWKqKDfcpEjxU_nREEY7Wwzci2Ei6KoaLEv9Uo5iKuuoewASTVXYunnxHYzF6NKN1kczCRoGBgdo60vvOK60sx5GjeqGOQ9g/frrEbHo62NbDFb4lmDWYQn4bIBI6bLiSGBWF2KW98UA', 'width': 683, 'height': 512}, 'full': {'url': 'https://v5.airtableusercontent.com/v3/u/35/35/1731542400000/eGv8HMLanUmScO1DiZyI9g/zpPHY1FktNEkAeesqK51buFhc9_D3Gih4i7OUugcL8-l7NxrIA5AT6fKqkh7MW8RYmYwqimoZd55WFzMSb-yQU4I6JHrKeQaaJ7etTYO3bZq8U6UtGuO_GDzuaOyflUdHRsrlT9uXtxStyvojF5dYA/-mboEg64OE3aKo4PwRlnewpUoAtNSgqFDKNZcSY7_Zs', 'width': 3000, 'height': 3000}}}]","Ersilia has offered training in AI and participated in the foundational workshop of the recently inaugurated Center for Drug Discovery, supported by the Bill & Melinda Gates Foundation",['Miquel Duran Frigola'],Ersilia,Q4,ub-cedd-course,"Witnessing the launch of the Center for Drug Discovery at the University of Buea, Cameroon",https://medium.com/ersiliaio/witnessing-the-launch-of-the-center-for-drug-discovery-at-the-university-of-buea-cameroon-cf0e27471a2b,2023
recQe25h9iG9Hc1wq,2022-07-19T15:52:11.000Z,['recRbPDMRtxZLdcGj'],2022-07-19,"[{'id': 'attixqDgyaLrFkcbL', 'width': 7952, 'height': 5304, 'url': 'https://v5.airtableusercontent.com/v3/u/35/35/1731542400000/AmvKuvrcVly1PGq5PlxfCg/J-oJaU5pP6fML6kiowkYz0_RwiWStOLZf5A7x0pOdND9cUM2w_-cgGSzo5kJ3SPdfmdK4OF-5OULQte-JI1OJQUvywPayEu7nJKhg5y0rMy9kqvy90O6wT9ZXyb-q7EE7bc7MDfxlkL6A_VYGtFTceX_pyFtI5xlJrBP2hbhYys/lE_Cqq6xh2KNGIqKcCNdrO9-eUJR8uLv8T4Bnfpg7Cs', 'filename': 'KHOU3-FAST_FORWARD-04047.jpg', 'size': 5880909, 'type': 'image/jpeg', 'thumbnails': {'small': {'url': 'https://v5.airtableusercontent.com/v3/u/35/35/1731542400000/7SG8Gywo2OJTZhIt6iFJww/NkBTeKxYogceJFqVfud9-PbBN7UAl_eIQS3sjhIKgemaHqNbeLdnG6C5TpN2FN5Gcj991uvm8rs2Wo_RaPtQPLl4SxXBffA6bPAYpVCGAfnfNd5dr__X8y58h1cAoS0hgeXLsNUosuwuVoPTc0uI7w/MGEW1XOxPBdLBZPWNB5zv2-BMsseCeRmfVaOIL9g0JU', 'width': 54, 'height': 36}, 'large': {'url': 'https://v5.airtableusercontent.com/v3/u/35/35/1731542400000/YO7vX6hIuIL7nJ-OqwLRcg/BnZD-_OHxLAmhnTPtJeo-3vETpcPqa10S_KmqmSPuD5_lo2q8eIY7C_8SEeb1abnzpJgFCPmjMcGkA-pnsm88917Ke8C6Xjy3Obe0WI6s6ZfpCIrq7N8RCyPBj_D-_63-PWPhl09p7vkOlYBmhlxUQ/Pj1x_VuiwxVHfrW0K_zBGqv2nGM2Tp4UiA1M7vazRso', 'width': 768, 'height': 512}, 'full': {'url': 'https://v5.airtableusercontent.com/v3/u/35/35/1731542400000/Xl8aPT5fhdSiRFPuoHtHXQ/2hGUPn6d0YCMU-l6Af7AXWAbfq2B3CX0EtA9Obs5H1geBqtMqsWIgrYkMIPUcEOUNzl_hGRfw6pE3EDZz_SeWLJhrNS6l2hAb6onBbrUWN_kdU_EOC1FYsNmeRM1u7b8ZEesvXyheC5tRMugQUiM6Q/RSVE42KCNMTCUDrIUUbl7rsPG7OOJdqofpG_e1MKSsw', 'width': 3000, 'height': 3000}}}]",We explain how the Fast Forward Accelerator has helped us identify the best funding strategy for Ersilia.,['Miquel Duran Frigola'],Ersilia,Q3,three-dilemmas-ffwd,Three dilemmas and how Fast Forward helped,https://medium.com/ersiliaio/three-dilemmas-for-our-tech-nonprofit-organization-and-how-fast-forward-disentangled-the-last-one-74fcd6f331ef,2022
recQvDmglmvi7bClZ,2023-06-04T02:26:34.000Z,['recRbPDMRtxZLdcGj'],2023-06-05,"[{'id': 'attfbuUns0DbDOLob', 'width': 1200, 'height': 630, 'url': 'https://v5.airtableusercontent.com/v3/u/35/35/1731542400000/YLd4P21lTKrveYH8uM5g7g/zdeUwXgJzwtB8H411PPTeO7pDx9hlqhFFGjCMgNUs4ZWWqVCaubLKRKGds9pTFitkqSD499XBBH1994-ytdj0uAD8hnY6Ej80U9co2tGgqhrKgHPpGbLgcKihbj01WfzqtVLDSnQ8oNMiev-WztAfQ/gNjUmd2FZleHwyOvNx-nbPdxdAcfzSyoCgB7xh1RRc8', 'filename': 'HEADER_0.jpeg', 'size': 284369, 'type': 'image/jpeg', 'thumbnails': {'small': {'url': 'https://v5.airtableusercontent.com/v3/u/35/35/1731542400000/P9vkK69SA-HZbHTCJRBl9w/a9USagFv8JpbqcFyTuRD_ulgnXowsev6Dsu3g5KIAe8tJbTgFiNBqJ4nX5G4g47rldpR6VUNjHe_oK8km6pJUxOu7GazBVjKPIASNJ18sCrGbd-_5GMQkT6GZ-7C4s1hh4hHhboaMIA3vwq0ULd0wA/lgmYqSoyBCfJ0TgfUVmE0kGWBNV2EfqB3FmzHhHcjyY', 'width': 69, 'height': 36}, 'large': {'url': 'https://v5.airtableusercontent.com/v3/u/35/35/1731542400000/vqmseXnrTL0MSwEkDS5g1g/zJwaZvn4K0TmkYxc2NE4CCIUblwtS11sCFZVZ-1sLx4SawkKcICoFq9Z7f1t_0ZyDrz5uUrggMZ71dDunkeVgaYJ7-TJqGirC8Miy20nt-ycd_wLVTwW5eSeomsGUynHLoiGbBrEiJZ21vE-a2A3DA/jijgmpT4KY8AZfdA3mkjJHqQlq05Ow4ta2RxF6zVut8', 'width': 975, 'height': 512}, 'full': {'url': 'https://v5.airtableusercontent.com/v3/u/35/35/1731542400000/FhXYDU8UWIy3Ox-f-Ojfjg/UH4kDJrxMsNkhGTfsavEQl94tCd6MNxgLtXIZ4KhGQdm9I3zhTUJCZ7J2QP8EAFSzoQPCUd89aSG9FZLxaSJhabsKY3mNOKZhM2_ccUNPcJLKiVWky7K8a5VwbuUvhV361nX2-7yWhqvDqYgOj7CPg/lT_TOcDH8aFtNejuZOOPZeRfGAm09fO-ym0-qpWMT8c', 'width': 3000, 'height': 3000}}}]",AI-powered creativity may reshape how scientists approach their work and think about themselves. Visual arts and creative writing provide early examples.,['Miquel Duran Frigola'],Ersilia,Q2,post-science-decalogue,Scientific authorship and creativity in the age of AI,https://medium.com/ersiliaio/scientific-authorship-and-creativity-in-the-age-of-ai-b8512abdf08f,2023
recSHqpRssmWHZ828,2024-04-26T09:28:59.000Z,['recRbPDMRtxZLdcGj'],2024-04-26,"[{'id': 'attvVLgrOrDMhKxzy', 'width': 2481, 'height': 1127, 'url': 'https://v5.airtableusercontent.com/v3/u/35/35/1731542400000/CgE-898DdRk8Ew3ccwzMHQ/tztHRhxg4-xz39BZpsU0F5th13TO3mrk7ceqWN8YVwsv6dn_TPNOqdoLtjDgc-RmjA3V3RFV09rpltw_sn68HMkrMRqlOnaCbr55EzfYTqUolbPShhUa2LHf2-nAbH7GwyEIe0wcGvKdC_uQEEIEmPfgoVGPuLiOmNxVMnK6RWRcE0j7IKrzEDKywbvwhH-J/c2j0PpdKEtsP-06BMyF7kKF3YYpeoUGqalXt2kk2zww', 'filename': '1_LPWGJRLgfys9Tptyb5o16A.webp', 'size': 315798, 'type': 'image/webp', 'thumbnails': {'small': {'url': 'https://v5.airtableusercontent.com/v3/u/35/35/1731542400000/we3MiFZh51PbsU-r996XGQ/GmKOX3XyBdPKAS9wCc43UD0rPYp6KlXmqGDMhshPxcjeDVwikOOiKDBQFMEFp_JP-4uEOHg6TZr262p9g78-8DWDKyXcVUikpGAO_9ML4bkJtsG7T5lMWmaXC1wRc3X21zoJKojBBIO83riiUjPuLw/_nbH7GWl5zdBD1lY--LAMRtiIE2zM8g15EXfUSvkneQ', 'width': 79, 'height': 36}, 'large': {'url': 'https://v5.airtableusercontent.com/v3/u/35/35/1731542400000/z7fFcY5-ZEX23oDn66mxUQ/ed-1AY8uBTHJNcUfd6FmdY1-HgRTwLt2WSDY6agbm2L3ykX-7xt-5RFrFd-IAFaiWT6n9k2p9MjNb1OgPhmVBUmswdDlZtlewzOWVkPLso0NGihEYJvarz6CpXtCMknPSnt8PA1sNFx_N5tIoRFObw/PNt4Txmi8Rr24CObfhiAbcVZKXokgD690yjFDcbtU6U', 'width': 1127, 'height': 512}, 'full': {'url': 'https://v5.airtableusercontent.com/v3/u/35/35/1731542400000/5-x2ftKbVl__LFhwiVrpdw/FW6OPVx5eb6y33PmxCi_DJwrn11zfSenh2KI8Vk3oEg_WRcrTQxs0smrczKvtrWiAAT9CgSSs2Xjm2snKbhHM7vPqmd_iuC9-k8nuIytHvhAx1MClFfO1hNz_sZJ7xCjc8bfNOoh09c-bYnwkuXIlw/kl0_CxyhPUBYLWklA4nvn70lchpkoVe33XpCP9Ll3qY', 'width': 2481, 'height': 1127}}}]","We have analysed the results of a proteome-wide ligand screening experiment carried out by Georg Winter’s lab at CeMM, Vienna",['Miquel Duran Frigola'],Ersilia,Q2,chemoproteomics-cemm,Providing data science support to important drug discovery studies— the largest chemoproteomics screen available to date,https://medium.com/ersiliaio/providing-data-science-support-to-important-drug-discovery-studies-the-largest-chemoproteomics-f62528a03c27,2024
recT1MO6B6m1hFFoi,2023-07-26T07:53:01.000Z,,2023-07-26,"[{'id': 'attBQGvym43tPj4bU', 'width': 1200, 'height': 600, 'url': 'https://v5.airtableusercontent.com/v3/u/35/35/1731542400000/lQsYT5F3YaqWm65sZc-r6g/hT6mhhCCvdzsmh8mHtDsdLJc8Jmybn_xD6rwYCYkOHwPamBAR6kGDTV7aNYqagQocDETQqPdCppvHtl7nLCgnDdIol1V3UpDkr6aZWbKygjEioikzMZ5-h6TjJ2OQFIHBUxmt6XAoZRZnV6PKVqMeW7qINEXuDZThjqFcaznf0s/TCXYzKMkR-f6sreU7I-xVWULuuyMZhKFkNnRyxWPwgA', 'filename': 'social-share-default.e8530e9e.jpeg', 'size': 54900, 'type': 'image/jpeg', 'thumbnails': {'small': {'url': 'https://v5.airtableusercontent.com/v3/u/35/35/1731542400000/2SX0I58HV04vO65wyyOMFw/A-Vk8idaGL-vcPt2gA58jxPOP1ShPVoJF2hRj2C4fgGYn0vsfipd2AcBuM1Zd0MAeMLSzmMJSZi6mKfDBSMKWy-oOCZfrmPWbtqk0s5WqUyt8JmqtgSLPt900KLwRWVc9KXztKXer8KZeKr-Pu577g/BInIT5bITiuSGXe9bBJBFXtSillDMJH2lM-q-mH_RAA', 'width': 72, 'height': 36}, 'large': {'url': 'https://v5.airtableusercontent.com/v3/u/35/35/1731542400000/fepwzNoCQm_gvJ_gYaDKJg/EGoDn2qauhjpzJ7Pz4i6yOtvel_oWksjJp_xg4rpXSJnr8gUnq8wKePYMiqgq_D_RAD-Pw0hprkdSDRbvhDnouXhI36hUeW410IdfT76BQWxK8cZfJMV58I-ChkHtIyKOKL5H0lW0CkbvieMYitJOA/1yISpQ5CaqLd9-tlxl-Gi68nDC5evl7r1HLxlX04EHc', 'width': 1024, 'height': 512}, 'full': {'url': 'https://v5.airtableusercontent.com/v3/u/35/35/1731542400000/VWu8GyQe69tUbTZJedcoUQ/ddUQu8fuzqkQpjlGQ8k0tGtHvqdvhHSz1mgqqN8gYN1Bo6qFZMcUo5F38MGmlx2YSH-rbG0pO6Yod_Sb9eN3UlY90z1_DhdI0xW2RYvIcmB9akZDyTpkdiOjQYGD69y0bqd99VKvdghg7EhBwfaAEA/A_NVpgn_pqLiNFLiMdp4QWyjplO4VwXG_N4RrfSOwFA', 'width': 3000, 'height': 3000}}}]","In this customer story, Digital Ocean explains how they have helped Ersilia through the DO Ambassadors Program",,Other,Q3,digital-ocean-customer-story,Towards AI model deployment with the support of Digital Ocean,https://www.digitalocean.com/customers/ersilia,2023
recUSnp6RInIiDMzQ,2022-01-31T06:49:03.000Z,['recRbPDMRtxZLdcGj'],2022-01-30,"[{'id': 'attf2EV436ZcNevQu', 'width': 1015, 'height': 1200, 'url': 'https://v5.airtableusercontent.com/v3/u/35/35/1731542400000/_mgatua7McFVTkhKdD81IA/K1gkRPe8m7PgkcvUtdA9cze5Qj44Twpr9CnV6NvhrnZV1_yBztVmbAwHBH8qXQ15pcJ-h49cIwKScOzVrICZgG9xqTZ2Zp5FVo4y-QurvsCG9mU_gOVXQozpdqNvydblnClqUIUOugXrtLZDS3851dKk5wwzwbP3bisaAE2OdLA/sr-2h43tdsOyjK_3ASPu73j56vUa6VJ6Wu4zowptrdE', 'filename': '1_52OOu_nbTfTYXzukh7peGQ.jpeg', 'size': 232586, 'type': 'image/jpeg', 'thumbnails': {'small': {'url': 'https://v5.airtableusercontent.com/v3/u/35/35/1731542400000/eMgwmVHiowXX9fx2JhM57Q/NWFoROj4fRoxcKs_qDwEfie9RBQejbt36-YfzeuigBln6nchvoPf9Vv6EVB3D_wiWvWiHZGMPLnwAGCuZjFyWGQuL2nh71JYshTSnm7OMzw-0O4DUV7rgH4TUfSPyYoCB0HW2jSkp7QZHvnB4aBisg/fV54say6QQE1e5EBbWclkfopR472qQg1pNPTpn4SbxQ', 'width': 30, 'height': 36}, 'large': {'url': 'https://v5.airtableusercontent.com/v3/u/35/35/1731542400000/rl3kARBj90gFjGc97Oeqnw/ynkMDfIAQdJRjNjqIIWqmlPF9kozGLfDcJLj4lFsAR3bxfqeZ06ri6f4IB-8g2-Tgm0ZoffLufENksM_AuxZasggfG4P6deoI1UeqzQsooxIWlGMlBa2deR2ltIg5Wg-GL_Im56kvPsjFMfJKra2bQ/crxk7u-HrPR-9zb_AdALgdCquPxxTMDL_7iUwSPot60', 'width': 512, 'height': 605}, 'full': {'url': 'https://v5.airtableusercontent.com/v3/u/35/35/1731542400000/ZREyzaflVGWwrJsTajZgXg/-i-LboFl9ONvMB-dVLES6dGglHUlTZ9cvf9TZfeUxMkWuT4s3p8y-HpkT_3cy3dpiUQjBoFlUIPZia1A14seKynl2djPsdIt-0PdlBZ9BprtVZEuMdezegU2nPwoZxjJNli1FAqhA2QmlrCTpChiag/NshLe8Ny7o8REEMl1Ol4C6EL8mxvOsC4D73tf3DCzpk', 'width': 3000, 'height': 3000}}}]",Thoughts about research parasitism and secondary data analysis,['Miquel Duran Frigola'],Ersilia,Q1,parasite-awards,But is it science?,https://medium.com/ersiliaio/but-is-it-science-e69cb4ff210a,2022
recUmz1vmVyfZi5V5,2024-10-02T16:50:40.000Z,['recLZbmJVAqs3sfvw'],2024-10-02,"[{'id': 'attnIGE2SOJYvPnxV', 'width': 1600, 'height': 1067, 'url': 'https://v5.airtableusercontent.com/v3/u/35/35/1731542400000/Dd3-RfcyGcsWs5MP9APfGg/37pIvAi8oJJQwb7l6Qntef9GHUNoz92umlnqpAYMub4qs5cr_0ANXx-V8f-g3g9PG3ImDO7I0NmQzdnKsFWdxLcO-XNGF03ZhNw9YeEHpHscbFUWciyC7Nb3QuEfPOV_rf51JOu_pwRB_iHr8MXuLUt9i8kLeO1YHMLFoUEzymM/wV31m8jdzCzaGiDfVr9OPPNQIRO_oCAx_xLToAV2738', 'filename': '0_ptcw0Gvcs7hwvLRU.webp', 'size': 102848, 'type': 'image/webp', 'thumbnails': {'small': {'url': 'https://v5.airtableusercontent.com/v3/u/35/35/1731542400000/JJlpvbbxUmx8iHgzZyoslw/_QcbKOmg6dIiiMDNjCMNYnbN9hXygfxDrs2N3bVhVe5Whl-LTVXYJg8GVwbECpemg3WI-3b6I48jzRYEVrLy4KrbH36USHJ-Tyt-4i2mkGnioSfXmTPs2jxkLg6Pzhf3U3KhBscdaCPyUqc67r7nZg/q2dtAOO0WxyHFiuXLH9-J-sADXPMsAzCYrS41CVFUQg', 'width': 54, 'height': 36}, 'large': {'url': 'https://v5.airtableusercontent.com/v3/u/35/35/1731542400000/R_7oj7OZ2pDyyQCZuZ3cbQ/B483454Rc3M0XugqiIhqyxnyBu7w_ei_kVts_yf7JPWJ8Fk3E3pK40OivU0IAlAHmvjGb693gdv8_SZKiEV7Zc2E5OiM49THQADfXClH0kNEXMZVV1aXdQVutnLtMh1zUd_Vee-XSnOMAa_5j22oWg/rQuDdINtikhdx7BgAhPORYSzRPaHOlCB6_9tTXSsJpY', 'width': 768, 'height': 512}, 'full': {'url': 'https://v5.airtableusercontent.com/v3/u/35/35/1731542400000/vmuyy6GKfzWx1qmH2to3xQ/FnJtFI5AiaKdj7LfE3Kbe1hRFsx4bW25WT5531-_QBHjTh0MGQ4Nx-eyX3gTyz8TQD_QPbFw6yPzjbRTf91rTUYe4oP4Bnze4LjuPauWxR8cIWacrNiTHQkI2Hhafs5fgATOfv1iwbys4969r4qlIQ/7wI0pqHNZnrHVjI0A_jQUEnYRVwOgF15NAln8hsKqkA', 'width': 1600, 'height': 1067}}}]",We have participated in the FAIR-IMPACT project to help establish FAIR principles for software development,['Gemma Turon Rodrigo'],Ersilia,Q4,fair-impact,Implementing the FAIR4RS principles at Ersilia,https://medium.com/ersiliaio/implementing-the-fair4rs-principles-at-ersilia-8214a95eb88f,2024
recVOpEQ2Yd42gqGS,2022-05-30T05:22:54.000Z,['recRbPDMRtxZLdcGj'],2022-05-29,"[{'id': 'attmzErPo6Dp1fYgd', 'width': 4000, 'height': 3000, 'url': 'https://v5.airtableusercontent.com/v3/u/35/35/1731542400000/tBKwVnoiMV-xqayMqIeFJQ/DLryQ6YkQWmHxD9AfTRBy_kPWyvFSrgEZ9FISFu_I_953fT9hO7nIXZhYoMZM0LPPOUZtlk9G97YjXFLJJHrMT5RoO8PuywtbHRHXYLW_E8klnbCD4oMPEeGMJ-30PF-YeCedUJ1fws6sShmDzTh_Q/Un_YN3NmcW7SYANbOtL-A2L7Vd_URsWxkUYLbPV_Y-Y', 'filename': 'drug_painting.jpeg', 'size': 1762022, 'type': 'image/jpeg', 'thumbnails': {'small': {'url': 'https://v5.airtableusercontent.com/v3/u/35/35/1731542400000/dgiybhN3AQ0RCJvS-gxing/PnY6vtUhsUFeWYsuGqrQzH8MptrF8wVGDIAYklN5abFiYVXMeJOFa0XDlIzvJUK9o9GYHyf03dYJLVtjSWcOFGhuCfRmg6pEZgFReyJlz3KkYUBpuAv8Wgrorf2vkIVrrUArG_3yjaSrLqQMPVDznA/6YnET_S7zeOaiDQDbHlqffkJdIgkz8X3ZW_7Ygy1dnM', 'width': 48, 'height': 36}, 'large': {'url': 'https://v5.airtableusercontent.com/v3/u/35/35/1731542400000/95WuDqtofzLH-RNkuwgivw/J_yNdZZ_0PJnAY13bvMN18mn3qEOw1FoTejeMPmLmgWUuMy05jjdd8pyncL4KptxliZhdwkojtSNXhUMGhgWCA_dtko5Lh8xQSmf1BTdtxmtryNjIXZfGndjzwScERDWp6aoBXssdIvCSwgWdsDt_w/ejFO3ibW4rIzSoRNd24BoSzXk3qpCpsu3_lHxewt4UA', 'width': 683, 'height': 512}, 'full': {'url': 'https://v5.airtableusercontent.com/v3/u/35/35/1731542400000/Y9hxMUM34_Exeo2XKIDjjQ/OQcpIdTkVZQxErFpBCHPqiC6h5EbDIeVFuOMVufDs0-Z0S7mDTBpOGeuQdNQA1wdmORfXTfMQfYBf6N1vzVU0tQPwSMI8s0BoCoVFY7FxAXL79O_D7zWn1f16L5kIqFi1U5nnnpYj5i9niHHleR4Kw/A5wY4buSCrVRPcC3-EE3rP48U3eh5xnyafVUhuj15og', 'width': 3000, 'height': 3000}}}]","If there is one thing I’ve been obsessed about as a researcher, this would be knowledge representation, or the art of converting the information we have about the real world into something a computer can manage (and even “understand”).",['Miquel Duran Frigola'],Ersilia,Q2,bioteque-embeddings,Knowledge as a list of numbers,https://medium.com/ersiliaio/knowledge-as-a-list-of-numbers-2329ce6f4a9a,2022
recWwewf3nIJJ9y8U,2023-10-26T09:14:26.000Z,['recN1H21eJnsjhSlO'],2023-10-06,"[{'id': 'attcQ18cS50T1owkx', 'width': 3221, 'height': 4026, 'url': 'https://v5.airtableusercontent.com/v3/u/35/35/1731542400000/_B6ymdy7J8Sk43kWhd-gtQ/hiHI_zKPjGC7Txc9cT12BXZO_MSezaTULxDJ5-vozF39fO35SM8d8Sj82rcvpASaugrN_FYC9_kYEVyvaIRNuRpY1nuput5BXEa6h2fDw0IU15P518Nt99dpc0fcBIStIKFe23PfP1VglK55mBnOJw/aqxQl0HkNCv-NjKwzzmKjrzwu_vQ69kMnRMCD7--o_U', 'filename': 'IMG_6052.jpg', 'size': 5918462, 'type': 'image/jpeg', 'thumbnails': {'small': {'url': 'https://v5.airtableusercontent.com/v3/u/35/35/1731542400000/wuJtOrtdbJrdF6iRQDbQVQ/Syrcx3axzxDalUhfvll5E04YMSm3DAcqqX3tIBxV1UqrVHQ2MP5AC1UvYtWL5XdseXrddptdfrLFSiAnnycmYuOkvAh2Gj7r1K73SAkXqY3gLRPVB4FN2oRdB9MQaP0qV2EElvbJSpnkBFjvkXSJsw/nv-bV4xzc_HGg7uo8A6sp6wOYgJ7hBy-A1A14sfvsSE', 'width': 29, 'height': 36}, 'large': {'url': 'https://v5.airtableusercontent.com/v3/u/35/35/1731542400000/oW3JB7tQsaK9A1Y0pQkMWA/2ym-hqZXUfNDfGaqee5LkbTpyX_o8K10tUDXtEcT_fv8GHK80BHeclMUoO6UlTjY1zn9M8FhcAhUOo-KaOj6YRJiUET67D5IEeJ1H4yrazbu45EVaK_lS5BoCdaLgKUDPj8zJvhV13VnlzxghMWAuw/LTFPl84dkrjbzdSzxDK_OJ0yWPPjo1c7_2loUNUgsCc', 'width': 512, 'height': 640}, 'full': {'url': 'https://v5.airtableusercontent.com/v3/u/35/35/1731542400000/Hzz6GBy-YmYHSGlblLHc8A/qFeZOpZOrjeFZXXbPRQarMVcpPW1_i9Wp4DOvmdz7p07mtelk7mYDNC2s7WdrHKQutzRK0H3bo5B1ZMPwwFPaVmL_bFNPNL4FvgthLT1-gA2k82UT_P6JqPbNu84DHXt9y1-YFfuqVeRbT6UATgGSQ/anzprxRbH4ZZE5yeaqtdRFWOBhlo0PwAZ1oRiskbs-A', 'width': 2400, 'height': 3000}}}]",Our Trustee Alacia Armstrong interviews Ankur Kumar,['Alacia Armstrong'],Ersilia,Q4,ankur-kumar-interview,From machine learning to biomedicine: a journey in code,https://medium.com/ersiliaio/from-machine-learning-to-biomedicine-a-journey-in-code-c38eb4edcf23,2023
recXAN5Mc2Mkuc76F,2021-10-08T09:07:52.000Z,['recLZbmJVAqs3sfvw'],2021-10-02,"[{'id': 'att4pw8xNy5v3asgq', 'width': 3456, 'height': 2304, 'url': 'https://v5.airtableusercontent.com/v3/u/35/35/1731542400000/qH-iKZibmD8GDnlBQ0xU7w/UMbBjw9uUGUGb3WVNZ0700qbtqhcC4oNuaYGDA6Hufes-SlQQBV5AR_G9moDCznLg3iXWx5Ffxu21XpmVgZaXjrOcl-PtR7RgtXpKxUOskkGUSEAUDwYlZeYY5LUCNMAA8mDMoNOPiM9pDysE5VVXw/tP3tLq4Itmsx64lxwy6zgV8U6D1-vmqnU-IYQLZr6-8', 'filename': 'network.jpg', 'size': 1199410, 'type': 'image/jpeg', 'thumbnails': {'small': {'url': 'https://v5.airtableusercontent.com/v3/u/35/35/1731542400000/euX__ZMZfKBEuf5EE5L0Bg/5QJa9XEzFTi2c-wKI2EiGgrHCBU6-XvZCclj2N7abvYrX2kxgBa7jSmTpaOgHoTANQyporJi3EoFEOys0KRxG6E8UKfIK2vp__haMX2q0sSQ4cEbNCUzqlYSZHNSq6Qx_LTvGYO8Q_finhFBibZMPw/q2MMrkXJLJhdLXza1epF4ZbtONqCmOE1C9ZGLBiz5Rs', 'width': 54, 'height': 36}, 'large': {'url': 'https://v5.airtableusercontent.com/v3/u/35/35/1731542400000/6O-auJ4nwSyB9wV9YBkqCA/jTdSO2aWDT6Rx9h9dPxCoyI0RKyVZvI1IrhqmJdG0k0-mRZMcSWai9-ESejgbWqo1HEfyv1QjQN_jb_pOOLTE6CZXd6HEbj7WRygE9wgl5Qux1Yn_5wQH_g6oH_ubDVx91eYP6h8sCWgpouWsW0RFw/fafwYsIOIjGbjfyC4cAarJ2c21E9u9BW5fxzKRA13mE', 'width': 768, 'height': 512}, 'full': {'url': 'https://v5.airtableusercontent.com/v3/u/35/35/1731542400000/iw1LsHXEirSUMWCU7_3QvA/DVmr-kah-M8Es-R3vjp5bcUskJ5r-JWhSdTI4wub75JEt4uzc_FB3GxzlkWracGpt1w6X_QVeppV0JY2HOE9QdPsNivLgK6XEjY3USiBq2LivDJk0E9YKKumqjO7gQIcolsDT-WuUo3HdAEomYLUaA/m4dw3xXGpja3N2TOLr2fItcbAyFKIb34vlleapNSKDQ', 'width': 3000, 'height': 3000}}}]",An example of the benefits of being an Open Collective for a charitable organisation like Ersilia.,['Gemma Turon Rodrigo'],Ersilia,Q4,open-collective,Open Collective is Redefining Open Organizations,https://medium.com/ersiliaio/how-open-collective-is-redefining-open-organizations-bcf9a773d15c,2021
recbmD3zHjBXkkKnz,2022-08-16T17:28:19.000Z,['recRbPDMRtxZLdcGj'],2022-08-16,"[{'id': 'attNzWuoaVycUQAxx', 'width': 997, 'height': 741, 'url': 'https://v5.airtableusercontent.com/v3/u/35/35/1731542400000/xmlKv0hTIWcJZiW8pXjoiw/mpYuuRMT4ZBoe0Zj-DPh3tqNcNDncWe4CVtNnYAOgZqUP91EyPqcRi8YfdX0icP6EaICLo16cDCay-ya71m5nuDEImHvuaUP586FOX9Xvu3_o-qBWkaIy8AnC6uTDon4POD5fDsdi5nnEHdHdZWQKw/i52Y3s3nB3GGtjQ7TLwGw6Bjkx2HmizCXWL-GeoCoro', 'filename': 'nkono_2(1).jpeg', 'size': 155181, 'type': 'image/jpeg', 'thumbnails': {'small': {'url': 'https://v5.airtableusercontent.com/v3/u/35/35/1731542400000/GiF6MyVzyNxIV1_2jdQzkA/GXKSXHBZJh3JBlGiLU9krqpZ6eDSPSEM0oEtbg-qa5oYdMaOGadojdmxsvKu-rWbX8AfU1xV0POF2ZD0hqZNyZD-UrmUoecPWhyJxdaHLQqkW0-acIOMQ7392U3Q1WBUJKHVKfNH1F6JQCGdI1uibQ/VCzClAvScjAdjVYhIeNJhIeqH6K3z1DZZFUYVzUnQrw', 'width': 48, 'height': 36}, 'large': {'url': 'https://v5.airtableusercontent.com/v3/u/35/35/1731542400000/1HhsI5bE4YgzlOJ-ynxoLQ/qlyc_i-2QFkLkm0pXNzIQN-a5kxY0evebpSo_zkUGsupVCv2YlBCjVfIw8s7JwCQoHMnYamFgoxiD5SGvhrDTbVpgLBBnphARNJaozVfZW18q05dFvq1jP5x264Fm3ufMHbtGQY9knO40aGH_h7kcw/3pYu_AK0w3UkUY24etcJhtIC6IhG1sMYYHGCbuMYxgk', 'width': 689, 'height': 512}, 'full': {'url': 'https://v5.airtableusercontent.com/v3/u/35/35/1731542400000/qI3Sa8UBLZ5cKRhVsxJlrw/kMW9VyhdznmhVe1ODpQpSK323HOTPq14dPeCWHT8ElvLQ7EjFd2BsIh2y9MjDwo3rA4W5Tv-qctt-7jQz52-n2ut3popcdueqA9KcFHallWXBN9d4XoHdYVZpA3ebt4ScbaHlfFtCBWZ7QBO2hPUFw/p6jt3LsnvF-EAX5L5Z-zeNPiEVQzfrT5uHS7trDgJgs', 'width': 3000, 'height': 3000}}}]","We recently visited the University of Buea, Cameroon, as part of a project to discover novel antivirals based on natural product compounds",['Miquel Duran Frigola'],Ersilia,Q3,losing-gaining-countries,"Losing, gaining countries",https://medium.com/ersiliaio/losing-gaining-countries-39a299375866,2022
reccin6XJipVmLW1y,2024-02-29T15:02:39.000Z,['recLZbmJVAqs3sfvw'],2024-01-19,"[{'id': 'att1CSVEA2kT2C8YV', 'width': 1000, 'height': 560, 'url': 'https://v5.airtableusercontent.com/v3/u/35/35/1731542400000/rE4UTwUo6c0nB2HTNl9AtQ/XlXrJVqAmY0KkX4KTmfY5zCOLWMAU6WS3e3h4SRyBBPklX0fBH2OoEAEPGsqaqZt7NlLrUrjYaNgPd1Ne1FzhM-blk6XqqfhfPr3Ik5Q-YOZ-gJoGcCFFxZ0dol-YdS44HmR55fLRIk_ERIJn7i2zg/WbW4Wl9ecefjoo1wHwZGRQS-6HmIbrppPIFqWcLuVTY', 'filename': 'RSEcon24 (10).png', 'size': 68632, 'type': 'image/png', 'thumbnails': {'small': {'url': 'https://v5.airtableusercontent.com/v3/u/35/35/1731542400000/ul4AqpT-6XZK-eJhYRbV0g/bsvYvluJ8HFooxbEYlgsxzmeAkyvhWrjfYPTFpcW6y6PQ97M-882-DTuVF1QC9FZ1kRXq3x_oj8743svLwBaNPwF-iUyOs_JHQnMZoF9SZaXJzvGBVbL7DAz5QymRxBVyTRLt8D8u4z_FjeZLbs3nQ/3WBJ3jAOaM-GWQjOzqcPbfFp9DcP5JcTHM-jilPBPgc', 'width': 64, 'height': 36}, 'large': {'url': 'https://v5.airtableusercontent.com/v3/u/35/35/1731542400000/IuW6lv7BHy9RXNWC8syPNw/8Y2EoZbmgdU9wdDCeNz1oiirP9y-iTGr-d9LlVX_EbgRSrsTRKOur-IuYT20eoWd9ElAhU6ZKCIWVMsTW7Wf2gducWLwJPRMHw6j99RNiOmo394UonACNb6BS_7YUbqAbi8uNJS_O7-hADeTYAgqcA/-NqavCUk4Nx0KplTRBPH-jMEc7qRtrALnAEgskAU95E', 'width': 914, 'height': 512}, 'full': {'url': 'https://v5.airtableusercontent.com/v3/u/35/35/1731542400000/1iis7SdH9Re0bHpu3quBEg/Q8_0kPsr0FbRuSQG6SU4m8sUaJLiP5vGtX_i9XfmCa7JmPhlQh6uCuH419vhZ9gLrzUaxJMxey0bToIpWIm6WG-wBW4zGpPn4fpuOYeZIhuyn3Ax-paIlFIrHPdCZYSb22cWTydbYA1XbIcGzat52w/JgycB8q8laDZsMVFfpjRAGdigQbHrOdVOaVfajJ_-tE', 'width': 1000, 'height': 560}}}]",The SSI Fellowship supported the open access publication of our work with H3D,['Gemma Turon Rodrigo'],Other,Q1,nature-commun-ssi,Ersilia: AI as a tool for drug discovery in Africa,https://www.software.ac.uk/blog/ersilia-ai-tool-drug-discovery-africa,2024
recdHnC7ciRp7Fn21,2024-08-29T18:14:22.000Z,,2024-08-29,"[{'id': 'attHQO5YM2VDn5AIE', 'width': 512, 'height': 287, 'url': 'https://v5.airtableusercontent.com/v3/u/35/35/1731542400000/7d_GLsyoYrvIlMVN5iys6g/SqvRneJE9Tl-HIMJRAHaLbOgTMOci_wKaTNnM4HOruspFYdk5kVtxceQLbkhGPVTnEmorwBdSPhyd-oQh98GXRhbrjJBFiIFRrtGfecYMGcN6NUDx2LPdbItUGBL8cXzu_dF89UcI0xKDU00Ikw6tDBBsqZxWcEcJkGeyWLWeKwPSBkJlQlmJdZbhMEqrubfWafmqJ2vAC_fDRwMxnne5w/sXjeVcZZaYLjQOswFFxsn08ldTVEQ_DkD8-TdtmWmkU', 'filename': 'f3e9c8_6dfe5617d3f74c4f8b98c4dedc43e06e~mv2.png', 'size': 137022, 'type': 'image/png', 'thumbnails': {'small': {'url': 'https://v5.airtableusercontent.com/v3/u/35/35/1731542400000/a5VVh7ib5_4PuZOnUPkVoQ/HzvvWLsnaNtt7jDYXRjycsfuQL3eUYbWgD2QrNAfAgZaNnxUG79xGeroGGolqjOk9T_u0Y32Wiink5zK7Z6p_G8XOKPPppxG1tep5F3WYgBXO1zj1x2DBUfv0h8sv2jmMw7dpcUHErzhVrIQNrBCXQ/PmFdZkAqC8rOFXIZu0ER88Q_2EOCEDeXAlehDaU8xkg', 'width': 64, 'height': 36}, 'large': {'url': 'https://v5.airtableusercontent.com/v3/u/35/35/1731542400000/hVGUDrfb85tQdgrYpfgutQ/BXkJAzfoaUsBrzo6LwPWEvCGu06OxjbZjh5HVKhgssJjwZGJABC-hxVUdtUvlyO4Cj_KPQY1gRVgYdJ8TqAbzpmp9GCo5jum9Kxm4ezM3QjVZeq36rgoNDin4kL5zT-_7kbHFnfXSFyd-0LErBEcQg/C2rmYlP0qrkwju-0Iw0ox3Ogng072Hw4kgZzVu2pAz4', 'width': 512, 'height': 287}, 'full': {'url': 'https://v5.airtableusercontent.com/v3/u/35/35/1731542400000/6qXPyzSkzUUhtYsfCTXE6A/B-WRv0aliePhpUfTLSZOyH4KFiHSBYbXxlW0PmzVLV2E6Mj3RLCPAecF841hde2t4d5KX-cKMDAz8yDRs_F4evkhVr3c7hJmKoSgyjMZeM9-_tnh5xj5Z4rjm4wAnrgw-ecDYMzsMc3uTqUkjwcqpg/Du5yWuqj2zDKf5OgUy5lwsUU9CKUo72wDs87vQGg4_I', 'width': 512, 'height': 287}}}]",The Good Data Institute organized a hackathon to help Ersilia measure impact metrics and reflect them in a dashboard,,Other,Q3,gdi-hackathon,Data for Good: Spotlight on Our 2024 Hackathon with Ersilia,https://www.gooddatainstitute.com/post/data-for-good-spotlight-on-our-2024-hackathon-with-ersilia,2024
recdYgJV5PT1iXony,2021-10-11T12:55:21.000Z,['recLZbmJVAqs3sfvw'],2021-12-17,"[{'id': 'att8n7kf15Yri9eZe', 'width': 1024, 'height': 576, 'url': 'https://v5.airtableusercontent.com/v3/u/35/35/1731542400000/XljBP7NGbYA4kBnMnfQFjw/ek3aoouyEchMgExDrqpZzDFUOmGdso-Rje6ZcPjQ0tnh4VitTODIl_-XigQb-tiSSPF4ebn-RzuOq_HvB0fUfmAoxvyC4QgnwocMPitk_LLCZI15XyN7WljfxlZHsiowd1S0rAiL3BV2jaa5iiHF8Q/ibrqmMgggS3WyyZ7D3JOHCihi-MVQGntYhT8wpdoNx4', 'filename': 'wakeup.png', 'size': 63569, 'type': 'image/png', 'thumbnails': {'small': {'url': 'https://v5.airtableusercontent.com/v3/u/35/35/1731542400000/PoAX9MLQ9szTsGeTzy8NHw/lsbNVVv0-pGE1jKtHvVLttZY3x9ske7Ece8rm1xG08Ob644iVn1mGW7l2EAFotyL4Kj0_AiQXYDqmgwm75F5bL_qlJJ_MCakos71kJDUOF_msOCGYeH0Mdwu3AzJhFUcXzpk1aEsY9xae2njM893-g/OH1zaM9a18woC3uHmiZQgHiFYar4Qvi4lHHYl5NMXzI', 'width': 64, 'height': 36}, 'large': {'url': 'https://v5.airtableusercontent.com/v3/u/35/35/1731542400000/Y7EsoT10ya4ScYFXJWzBmg/S-TxifodHssG0dNr4Dn1vbCoupt8a0oUTc7a9akhu-oHPuh_bva-KTWOO1anILhOc6on_Jal3b81OOBJhSrnPv2LwzZHmnnCwjXAcMksJfbY-H5XY6PitJl5i41PKR-e0UEyhk0shYnXT0b1Sjs4Hg/YHDlo2moCDzJAz3ZBBVWl8qCoI7j7IyPKeWhy7HCvek', 'width': 910, 'height': 512}, 'full': {'url': 'https://v5.airtableusercontent.com/v3/u/35/35/1731542400000/tuw6as0FD2902WuCGjfevQ/ag4w5bkouZls2fdsnAmYCYhpZPzk2muGlvIqEmY1qqxkbWT2JgThhX8hj0LHgVxhAWhsYoyQnMC4ahMEz7KLpBa6jhgfILY0wbMx9hADTFMjeJpvXYnlKkBYPpviipQHrUBhjgWhQnTMjG7-SbOhCg/kL6nT3qeC1-09tMMapDm-0g06bGLClJNLUFNZ1ey6PI', 'width': 3000, 'height': 3000}}}]",A personal share from Gemma's transition to becoming the CEO of Ersilia,['Gemma Turon Rodrigo'],Ersilia,Q4,coaching-fellowship,An insight into the journey with the Coaching Fellowship,https://medium.com/ersiliaio/an-insight-into-the-journey-with-the-coaching-fellowship-17e224b94902,2021
recgjyktx6hF4RqCV,2022-02-20T09:47:00.000Z,['recRbPDMRtxZLdcGj'],2022-02-20,"[{'id': 'attco3GirO29CHg1k', 'width': 6000, 'height': 4520, 'url': 'https://v5.airtableusercontent.com/v3/u/35/35/1731542400000/QfCVi6F_I1ezo1OhNZR6uw/pbn9ikVqIPXPa1OAXl_Buqx8FRYMNZ0xzpZ6ok8pn3URDmJW50tPS0NmOVgtbMsbTXNR93GEsJ9-UloztVmps7HJinGPbNKkCE-l3iN2JD8tnUgMG_ujVSJrNoaARs2iugliMzT5Cj1u0AKYDg44Bthv4pWCYuGpYYQ619OOvYL6d38Eu0PoFLpsh_qwBcjTb1qK9ffjJsZyNjBvtmVz8w/T4Y-mL09MWk0FM4AiKA0hQ2zFn4s0qpQPeHTy1mvBbg', 'filename': 'Rembrandt_-_The_Anatomy_Lesson_of_Dr_Nicolaes_Tulp.jpg', 'size': 7746672, 'type': 'image/jpeg', 'thumbnails': {'small': {'url': 'https://v5.airtableusercontent.com/v3/u/35/35/1731542400000/YvcLwnjj0mfn7aoFrSgvDg/ZD07OwE8MJisbu3HGGQUUqicuGqS4hrrVVDFBddOJ69Idd3SVzOfR6NlceBxRJ-V_bJpPmzKPSBkh8wD7TqcDwVr_FE89gZaTm7RvjCLNpfTRtRRDZFnk-EMKINMeUZfyAiyQztbR0exuonJWqwVRQ/E2QxR8XnIkHONU2YzXDXGknXuAO9Z_AfO08pDa2L_D8', 'width': 48, 'height': 36}, 'large': {'url': 'https://v5.airtableusercontent.com/v3/u/35/35/1731542400000/j7Sgy3-JAnlPTEJKnh3UoA/w90DI_MVMvnpapQKMmehf2EUc83p7BJkPUNkPPjQ7r0nKs8GhlOIK7GUTMtfnHUFMi7D-Ky_FNC5gCVS2hV73NP1J3l7aJX0IyFgUjzkzOYXDvZO0hGyvDX06tk0bdI3W3BKzWSJQMK4Bm6VXYbYHA/FX-ZAxwoDibxImU7CHD3CkmB87xkEDINxYd0iqXUP8s', 'width': 680, 'height': 512}, 'full': {'url': 'https://v5.airtableusercontent.com/v3/u/35/35/1731542400000/a7f3R61QggJN7f_5-fwvrA/ZZUJyFK6h02RRxf6iLcxTvS9zwGl78HsF-FY1k8_hmCZV2y9iPXi0jiXxeYP7WvoaTP5JsfMR2mqEnLMTegcHzwe__tgjH-C8Q20ATP_PC6IDz07qXiUgoefhvdZJg9jsIFcB45KISHVo5-4MFoMTg/9vbxYi8HcbwxyG_po7p5Ji6lYleJ5kgc856BgwwLPgY', 'width': 3000, 'height': 3000}}}]","Here some personal thoughts on the distance between the data scientist and the patient in biomedical research, based on an apparent mistake in Rembrandt's famous autopsy painting",['Miquel Duran Frigola'],Ersilia,Q1,rembrandt-autopsy,The hand of Aris Kindt,https://medium.com/ersiliaio/the-hand-of-aris-kindt-247b79886104,2022
rech510YlHYnclRm2,2023-12-16T23:55:36.000Z,['recRbPDMRtxZLdcGj'],2023-12-18,"[{'id': 'attqaUa4uS0IniawL', 'width': 3730, 'height': 4662, 'url': 'https://v5.airtableusercontent.com/v3/u/35/35/1731542400000/YsXJ0OGiAKQ0bFIkRmyymQ/oglecyJAHLj1pZ2W5CELUThENpqS4pgMszuMOrlZVY5--Ij8IBSRc6Z2vW_pNbBPa2slYiOsUZx1UpJ2ThFbwndod46874bNqaEf9nSYIDujR7K_y9ylpl3RoDtdUY6tL_Zim9zOt0E_CTc-HzBIKA/FabT3KYDIkfz88fKFdyS2gxcpgqlA_3i2CUCpO78J9A', 'filename': 'IMG_6077.jpg', 'size': 7516383, 'type': 'image/jpeg', 'thumbnails': {'small': {'url': 'https://v5.airtableusercontent.com/v3/u/35/35/1731542400000/vPcJtUwJi9eIEhLx0PxPag/OWITS89_RKFm3vzaGrd05X5YwmCq53p8--fy3coMvfAOW7xa17_LKwjca34KKc4KzLUssE_sNq26JSwwHy_2c8bgV3qAahNhT73aySE2Pi8mWM9mLuEd5vmNK33PReLKFbizYA0NVNMJW8VVrN5MUw/G9Vvua3dkhHvEWXZOaucxYi_bBtwI6EJT-ybhoNB_0M', 'width': 29, 'height': 36}, 'large': {'url': 'https://v5.airtableusercontent.com/v3/u/35/35/1731542400000/HcWsQ_NLpgjQ7d7TRJYBww/vEDhT-eG_yBQuxvy5NfYBoV-E-bfKpBLKpzV5L34za-ygp3Audh73kTUtZnhALTxmtZxG1_ovKG6Ks0jDA_9pKWkRayDuZSWeTh_To8Tj8_-fMIORDeXMuBZCl4P0_EXWshbiA-lnDmBMqpv0rEBrA/yKHmOnIwU6wGVJEHFWOO7_ZMjcRsHcAG5uOXEdTWFxo', 'width': 512, 'height': 640}, 'full': {'url': 'https://v5.airtableusercontent.com/v3/u/35/35/1731542400000/zJWX4DynZJ0a97dp5OZLnA/1KMUiY8t03TUz8ZgadtT0iMF95h_cQZuHI1o_Zo84Cusos_CoEQvS0qbYyOKaj_kZaCqsG7HJUUOo9qUhyfAFkeTUQVhnylJJQYw1K-CUEXPy0OGXD0rNHoFq7jhnhAKkK7bv6EQowMDPXZxZ7xlkQ/YCiaZOJdfezbk5aMKemyLtKSED4mpCx1-vAtNlv0gmk', 'width': 2400, 'height': 3000}}}]","We have found that skill-based volunteering is an effective strategy for enabling open source contributions in biomedical research from software developers who, despite not specialising in this field, are keen to participate",['Miquel Duran Frigola'],Ersilia,Q4,skill-based-volunteering,Four success stories of skills-based volunteering at Ersilia,https://medium.com/ersiliaio/four-success-stories-of-skills-based-volunteering-at-ersilia-83b4fe2c6589,2023
rechSeaxn8zDCYVCj,2021-08-30T16:22:13.000Z,['recRbPDMRtxZLdcGj'],2021-06-16,"[{'id': 'attdhxBrN3rJCvLwV', 'width': 789, 'height': 800, 'url': 'https://v5.airtableusercontent.com/v3/u/35/35/1731542400000/jmYBKNM5hi1acbemWNP3dA/NCdzQX3M7tWcTkAzESCza2txDabo3CNM1A-dbq1TVcu-Z8GTJkMNW8Bvl8Z1EprwIwlHZjuucKQszeIlntnc8PGWZvYgVURm7qTF1WNNrTyhmgo5edlQpoDV6rsZJSJ6ik7L8p8QG8NtnnRe_wbkDg/TG4pr7RHydCRCC-U4fV_Tsg20_ZQs4Nr2jlruU_6VoQ', 'filename': 'belamy.png', 'size': 1098188, 'type': 'image/png', 'thumbnails': {'small': {'url': 'https://v5.airtableusercontent.com/v3/u/35/35/1731542400000/xk0lacjZsIOWRusAtHQdAw/Ga0nyAf91hOFvosJsQfK89L6x2AS8lw8HdkgHCuANdgHraLJgWbthC7CCL4jeUfNtMDU3qoK62ELrOJkh5hF6-JJdYPPHZwyY4gZ6MARHGWo0R1lckM1qmS-FsJrMHU9KJYVn6rfbX118H9Tn7Uqvw/xQANd5DnFNUmjQgZ073AJdzH-JVRals9ncOzGgwE3NY', 'width': 36, 'height': 36}, 'large': {'url': 'https://v5.airtableusercontent.com/v3/u/35/35/1731542400000/cQ2BFWa470G90FQ9WPUHbQ/ew1e5WzFzYUut7r7qfGxQ52nd9sYKqLGADJPECWP6LhMp7PZLb4hroDoa8CsxmQ0fInR-4V-eFca8o7MK9E1cJk1FC2HUKxsC3FooKnDiaI7vmcMp-a2zRGe6FH8lsrjJuHCkp6L1JJqNf-WObuVZQ/rR4PZHYsJ_1SLyzJXFwkGWHGEAcjBRmv85CFMji6KS4', 'width': 512, 'height': 519}, 'full': {'url': 'https://v5.airtableusercontent.com/v3/u/35/35/1731542400000/fB0orGckmAMYAuu3YBxI-g/hXiUSb4zeXbnsjAcO3u-itqmt9oLOd5tSHG-ChuBXJd3vFd79unC17F107bi1thxKH6uGmZUgwXjLv7HtWkY8eREtmXi_hu10pWhbnGRC8sM1nLf1Y5gmQ4yAdKPaPuegIvOjZ3G2lpAyIXd4n99Dw/fHomy4XDLPyMcDlUdXL8NquYlRRPjMH4w4T-wkAEGfw', 'width': 3000, 'height': 3000}}}]",Ersilia participates in the Open Source Malaria project,['Miquel Duran Frigola'],Ersilia,Q2,novel-antimalarials,Open source drug discovery for novel antimalarials,https://medium.com/ersiliaio/open-source-drug-discovery-for-novel-antimalarials-5ca8d51301fe,2021
recjbn8kdqrydszNw,2024-02-29T14:58:44.000Z,['recLZbmJVAqs3sfvw'],2024-02-13,"[{'id': 'attKsEXb7dv308o4q', 'width': 4032, 'height': 3024, 'url': 'https://v5.airtableusercontent.com/v3/u/35/35/1731542400000/VM-awalSRDgQexXiT6plUw/PgVIPMrRGv87NjLVKh9DLW8cKrAIfOqQYrtQxWDaaxqmEO99GUfvsC11mSLtDmeOlUpUe8jgPjntkT_TIsVndQh4jCCmMn87qXa-X2c-nWt3kt6tYBsvoGbWAMF-PHbJ9tT72f1t87cnT9B9T5Zpmg/rMLYT4Bb6RfcH5EhrXloALap_DYHZjG6t7bzQbJDN5g', 'filename': 'Image-2.jpeg', 'size': 3040318, 'type': 'image/jpeg', 'thumbnails': {'small': {'url': 'https://v5.airtableusercontent.com/v3/u/35/35/1731542400000/nxq6W9ooxLGIroUNJO89vw/kxnFqQKdPa7OMR_YuJsJlsqX02niGUDKua5IcG9_vpBQNBDokrz8AR9dEk0yr8L0v_1_zYCt2x0m483EYVRlN5VzzoGOBYYdH-73MVv6Mv08GrGeiihmCs26oEczVih8xqU0-TbQ4UBqSe9cD3dpkA/EiQKpQmrpOfOpJdUHqswW2NHdRqCzb0NNQaXu3l9wC4', 'width': 48, 'height': 36}, 'large': {'url': 'https://v5.airtableusercontent.com/v3/u/35/35/1731542400000/8EvgcNHVLWaBYure-5Q-wg/Mah7IUBORCIpCsYR-bGs52_vwC1tztJmTBimT6wwQ9wL0EBsgQpRIh-rnNHSXVhlgXDDRlt2OxDZffEGSAyS-YtRVWNxbe1d7n2W_z6e6H6jsPeJgazWMrjdN7jp_IwQIhhonweU1y2SdkSTmc2meg/c8rzkqBtROLIy0TIPIBj6Y3bT10oHEy-b7l1JLY8GRo', 'width': 683, 'height': 512}, 'full': {'url': 'https://v5.airtableusercontent.com/v3/u/35/35/1731542400000/z5XSCnrbq1Gn40FuoADkDA/Taymt-uOe6ZMOYxBaDurnElFGszqbsJVvxEsOCUid2EKBRYsVJoRdHO5N4Q7EjyoZGqkEGMhwsQm3Tg_L1BaowKnQSIGyL-UfqCXvLUF8bp-sAQM742dKPmC7-22CmzTJ7dm7lg2kbof9Qqy0pid3g/0c1PbZ-pvtWN-x1j9sQK0fK4us1WTUCMzLJeSx64fg4', 'width': 3000, 'height': 2250}}}]",Gemma was invited to give a lecture at the 2023 BrazMedChem conference in Salvador de Bahia,['Gemma Turon Rodrigo'],Other,Q1,brazmedchem-ssi,BrazMedChem: attending the largest medicinal chemistry conference in Latin America,https://www.software.ac.uk/blog/brazmedchem-attending-largest-medicinal-chemistry-conference-latin-america,2024
reclhzWaIuvKvjtfH,2023-08-21T10:10:12.000Z,,2023-08-17,"[{'id': 'attgwyCfv7afb6bJU', 'width': 1317, 'height': 845, 'url': 'https://v5.airtableusercontent.com/v3/u/35/35/1731542400000/xANVw8xamMcpFJbKILGb5w/UGy-_qo3VQ7GEnZZmkNIcUnuKJ_IfdtozgJSYLtkIB0wNU1gkZkyGdDXcXC1nS0Ftok40GitVnAfD194B8gINjh8azBOZ0gQ6C77Q2_xIij3ZlU6ZsJOEznv2pz4euG65VaGjARJg9uU9n1XZKcjQwY5c537KZPriNcC8G-0ato/CwI_xwgNuqbPNggVBNSUkSBfdScdspyttng1zZKXRfw', 'filename': 'Lantern_Blog_Hero.png', 'size': 240362, 'type': 'image/png', 'thumbnails': {'small': {'url': 'https://v5.airtableusercontent.com/v3/u/35/35/1731542400000/pUGPxC4dQhTIRqmD3VYwug/J_IAsW0jOAN0pc5u2JJOaagC_parwQRL2cOM42DK5O71bRUjL_sAbXbSP4bJJ3iPX3kpUiLFVu39nCnRW6uwc-GsQ_WG-yMJpHQ5KLRQbXjGDLbzUkXxf4UBFQHshGM8JrRrwz_Z-_jNr4W0w0L2ww/G1QayFpDqyykpJuozLZKXKu-BSRCT1V3IWFLsrMsS-A', 'width': 56, 'height': 36}, 'large': {'url': 'https://v5.airtableusercontent.com/v3/u/35/35/1731542400000/eCwTRq-Wr0UtiZ8D10MW4Q/DQAY3XEgwDkoYdm2gf2ES9fcYjjZNmJ8MSnOXB_cUkDuSaYYkTAcQkwvvaeIb7nsNn3QXN6h0avkY8MWGh9HoiYeZAvwZtk3Li1wwOdyM4LCM9L7x-LIaAH5s8ToHe3kruTZ928MqBZlFcz4lXfE5g/ljrQBz3FA1hmbgEzgxo-ujCbXI9ioqaOj2XxHgSGzVQ', 'width': 798, 'height': 512}, 'full': {'url': 'https://v5.airtableusercontent.com/v3/u/35/35/1731542400000/frR7mLamiPQFr6ljmF__iw/IlbzjOb9HFUjPSqdELGMplGrvHmvxUFFMi1mdVopN9pqoxKxKmcIQgDJ9voUxPjHxEJCCHoQfVTO3M6gIcrJPawTs_tW_BaoJZSM71u8zn3_VR7Lp4vu0jpdChI-XfmnpJgdYtTGqXirFsydkUB7oQ/Ni0NiNUMN3QjYBw6ONd0tJNFGUGB0Gyob4ruk22fGZI', 'width': 3000, 'height': 3000}}}]",Ersilia and Splunk have joined efforts to create scale up the Ersilia Model Hub,,Other,Q3,splunk-for-good-partnership,Creating equitable global health: global impact partnering with Splunk,https://www.splunk.com/en_us/blog/splunk-for-good/creating-equitable-global-health-global-impact-partnering-with-ersilia.html,2023
recmUOtBoFeXHhrqw,2021-08-30T16:26:36.000Z,['recRbPDMRtxZLdcGj'],2021-06-14,"[{'id': 'attcNezHRVMNiddQk', 'width': 880, 'height': 586, 'url': 'https://v5.airtableusercontent.com/v3/u/35/35/1731542400000/NpDzlwmccFKdcK2nX_B9oQ/fWC5JnhD3FArhKwLkolNDWUQQqCOVCoiEQ2Z3e8teaGrEXvcmLNZd_i_wz8-7rCYEtN5FF1u047VH-UQa3X48_mo2NrkxRIMDyWWFUm3q6QKrUMBxXbw0sHx9geWxOfWsCUkSI5YebxmcbCKzsz6jw/Stth-Mb7N-WPzfU9751P7_fAZkoyVDHSc3b9Afrhqe4', 'filename': 'cloud-citadel.jpeg', 'size': 156431, 'type': 'image/jpeg', 'thumbnails': {'small': {'url': 'https://v5.airtableusercontent.com/v3/u/35/35/1731542400000/Mo-M30Xg5e5RsvRu9pxCOQ/pdHwl-UuUXS9LdvULJ2ry3Td_g19rAUrKqRUISf_byMtrtU_4I0Qt91qlDlH_frtM4GIab6TF8rgws9KkJMiSQnhCjnaTIggAVYdiU1A8lY99Go1Uw0MDtVDOHCrlWZbuaay5X69lj9l8wpCzBdKAg/lfqycVaT-1y6feyQJOpjXxrCdjOV7OW4VdLLzku0Rfk', 'width': 54, 'height': 36}, 'large': {'url': 'https://v5.airtableusercontent.com/v3/u/35/35/1731542400000/_ZOKF93WJZ0ThgT6Sr6zjg/Lw3JWx3XTxK1pPgcLXj4JJ4AJnaaTTcwAj1N-TPp4zAh0PawiwopreG9baEJg6iwiQaHevSt9-hCnkrap1BalkmH2YYVoKAHFbXQzExk1ijNC55-zONWgcXD3Ig_A1XpXPZ2U5Z0i9q-sfIG-3SvtA/i1RYxisGlOjTDd0BeiA7QE_7NCufJWsgeG6CmbCTHKI', 'width': 769, 'height': 512}, 'full': {'url': 'https://v5.airtableusercontent.com/v3/u/35/35/1731542400000/UWY66qllXPz0FBFxt3LSnA/lk6Y91TPE2mZ_q3uTmWi7nbwkbf6zb15UwDaaKej9GUpdpaj6xotbnHO7mEpqXYOOrt2dmFmjOdIhQiJDcdtLCf25mwDMjk3AZliIALNQEwcdeLKpNmf1Az3z8SDioE-RM_ghevRSIUrQMX9cw08sQ/YnNKp8Nb-t-pKAlCk9kgp0yZlbODlQBIVc4hfh6pZ7M', 'width': 3000, 'height': 3000}}}]",We stayed at Cloud Citadel coliving space,['Miquel Duran Frigola'],Ersilia,Q2,cloud-citadel,Our small charity explained to digital nomads,https://medium.com/ersiliaio/our-small-charity-explained-to-digital-nomads-d2702699fa75,2021
recn9GPjbpwv1KDiy,2023-04-02T08:16:24.000Z,['recRbPDMRtxZLdcGj'],2023-03-31,"[{'id': 'attgh89YnuaMuixhy', 'width': 720, 'height': 977, 'url': 'https://v5.airtableusercontent.com/v3/u/35/35/1731542400000/tayrFmhSvH4cRPa17kzhBQ/IDVqm7waCo8TK4hXn3m9xYDIcF0wnouqQFly6rbR24pXzLfWjbKeLL3-vCLno5L4Y6AhCHJUjT6ZqtsNZAowGM1y6FTQHKiXbYI5ABIjGgnzcNHrZtXSohxKDx0YZ1C7Xm5fz_u8EGMr3wjwYXYhK9P8vv6c-HBJNh-PwR9VWfo/eFsoiLPMmN0pR0l7b0V1G3rcippqyPCQkrKHq9ufaJk', 'filename': '1_sEe7PRDVidkInnvZde4kHg.webp', 'size': 147026, 'type': 'image/webp', 'thumbnails': {'small': {'url': 'https://v5.airtableusercontent.com/v3/u/35/35/1731542400000/stMcYrZXY9lCf4UdMgpgGw/eWnIgV2hA7MSD45tj9RJTqR8s1OVKYro2QRKm9EhmsFCQYZuNhN8j7S7EsmS3ni1MpvDHIwo7HUjiKzE-M1qV9Iy1GFSoMgnJ20aJjxt0fW1q32Q6DJ9CXqU0dpotJUnp1BUpepSK9RUwzdFmTLJyw/2ZrSSGooZeP939cfOfpGM6Ct25lGHA71McS3iighr9E', 'width': 27, 'height': 36}, 'large': {'url': 'https://v5.airtableusercontent.com/v3/u/35/35/1731542400000/P5GRJEcygCTSow1k8KaIkQ/8eQg9EqkI18vfOmmE261GXYGEctq8HoUMUv8Wuh2kJUP9N61hQlpiw6svy9BgzfF7Mc83VSndxhrEtmMwiT1IKrxjo2wputyGzt0fc4nZV6B5ZGFcPn1xPwMZyYvY44HfrV7kDCeDzzgxiFqxVintg/dIFchx-7qKvBRP9u9m7FwiRPePhhohQ8coJOFqAANEk', 'width': 512, 'height': 695}, 'full': {'url': 'https://v5.airtableusercontent.com/v3/u/35/35/1731542400000/aewyXXWpe3PY3esTcLyAtg/mXdceAvEHMLjg2a5a5XWDOpHxdsD0ecZGwemASr8zQUaKr4USAkxCxvbYs957ZZM8CaSr9qt4AeQwhu9iB7iGG7Pl9x9N7XY6NSz60m0CQozWg08wpFnGhVdnacr_ED_djDR3NRMZbSgOVk_rWnv3A/s1ht3iNbVB19zphcSJBaWAQYDPBm-lEXqpDIDfhW0Us', 'width': 3000, 'height': 3000}}}]",We have kick-started a project with H3D to identify genetic traits specific to African populations that determine variability in malaria and tuberculosis treatment,['Miquel Duran Frigola'],Ersilia,Q1,pharmacogenomics-knowledge-graph,Diagrammatic view of drug response variability in Africa,https://medium.com/ersiliaio/diagrammatic-view-of-drug-response-variability-in-africa-d07e2360dc11,2023
recoJ6ZEaSoB04eEy,2023-10-27T03:06:09.000Z,['recRbPDMRtxZLdcGj'],2023-10-27,"[{'id': 'attjfJdF7W7R9BK2s', 'width': 1784, 'height': 1234, 'url': 'https://v5.airtableusercontent.com/v3/u/35/35/1731542400000/5zLm0NXoTZDNlG4l7ash7w/dWkdr4T8Z_62Jx-E6X6Wt2ADpdPHVbNFGo8AYSFrX3ch5BgRuR8BjRsfzvN9p5ZRa6htAkRw6P6XTObZOoa9bmAjzlHRwumFTExekWv5e4PmEO8M3SjhN9yQaTyl_1eActvQ7VUTuceKVgqDi4HQzg/bO7f7nMRP7tVeFqppVKAYyLTWvogSQpmW_dCnH5-pEU', 'filename': 'Calvino.png', 'size': 730459, 'type': 'image/png', 'thumbnails': {'small': {'url': 'https://v5.airtableusercontent.com/v3/u/35/35/1731542400000/VODGekEgfyhvx3qvzZJ40w/BmJsSQ57_YnKdvCh-x4cuEFjJ1_5t7cqJ4Iu0GEU51jxIsldq4bQ8nWuEjSOMuXMKMh3oiofqdnTjWABCmdf-I4yIDUb1pMXMk43zwhO6Y84T1y7PAfDfSst8lsPl1v_lBhzI2t4fdyz2z0ASZNpUg/F4tmDKQeiQuPAb8YZgUxqvU_Veqp0f83CdQ3XQhYNIQ', 'width': 52, 'height': 36}, 'large': {'url': 'https://v5.airtableusercontent.com/v3/u/35/35/1731542400000/PnX99Oa2gjlmYtxKvV1HXA/WmIYbVJP7PzGJFcbnH_mkm8iek-onZckpeNvZfF5RL2WsEIM8o-iR4yTztnv6GER4GJlv0_WdwCuX-TlvU-ITneXozuCzdAK-AuDOjf87l4Lcmhvc3yGjceFTefXeuQ8gVQZ0zJ-ksSad_-50ywQXA/mM_OqGTsKvlpNNCIqahSUYYeo0oXhRc91WexDUTWgx0', 'width': 740, 'height': 512}, 'full': {'url': 'https://v5.airtableusercontent.com/v3/u/35/35/1731542400000/lBkUS3bwkY-CNbo-S0wb_w/BqtWSte1eV16_Ux8VHtLm4mD5pR9RmmsfYtFpD1OqX5heYwyvPEyWLdiA1nSENngil7eHuMUaFEFTqCixx_F27BtygfFyv70KNdCF-g0lBCGG4VH9TmB6GpmS3BZFXPk5ijPtrfC6bAW5BeXC6DNeg/aPFP0yfLhm_gEI0azqT38-tYurlYHU7-CNkXdfB9Q3U', 'width': 1784, 'height': 1234}}}]","2023 marks the centenary of Italo Calvino. Our organisation, Ersilia, is named after a city imagined in his book Invisible Cities",['Miquel Duran Frigola'],Ersilia,Q4,calvino-centenary,Invisible cities so far,https://medium.com/ersiliaio/invisible-cities-so-far-748248bee9d7,2023
recqFTh476YlHHZmj,2024-05-26T16:10:52.000Z,['recRbPDMRtxZLdcGj'],2024-05-26,"[{'id': 'attQCGLE7AYEfgj1L', 'width': 1600, 'height': 1457, 'url': 'https://v5.airtableusercontent.com/v3/u/35/35/1731542400000/Y4D03RNVljVzhhz0KSmCuA/pGyo17qf1eDHTrGrUOoF6EcLtuhl2B8CCyk8TBB6DeIPPYbSaDiYcf2NwpduMB9F1EIZIvrJY6k2tnriIOeuNbEb6K1gZ70r7i_9GBB351SeCdOCcGLaQxmms62T1BRj66goyoPcrQfh88jOY_8vMaD6zMljFMNsEt4_aGNoMX8/kzZtrPgv8RutlDrb_dQlzhEeuHFwDX4OoNLfzgMcbn0', 'filename': 'SDGs-UN-Photo.jpeg', 'size': 291420, 'type': 'image/jpeg', 'thumbnails': {'small': {'url': 'https://v5.airtableusercontent.com/v3/u/35/35/1731542400000/l3RX5RoRRW3cjm3A-HqnZg/FOAIcP0qQmp47o1VYtXeElggp7JRfrcYP6u9VkobpqsrKuuPonfOPO2ZHtLQD33NH56pJMsf89BEETkXhQA4ZBWPt5-VAeqZFOhjYnQYcf0yYv7s73GSj5od-FVGdrcJpGmXBJC1ltohsl-bUVztwg/jtm_gA7KwPTUO7WfImi-ZWuyfrWxa9cq4Nn2BXtepq8', 'width': 39, 'height': 36}, 'large': {'url': 'https://v5.airtableusercontent.com/v3/u/35/35/1731542400000/MJS9hJplamvvXEhLwe6ujA/fQ3pZONa9YBtLUJsvTERYDgF_PAs8aUEU-I7TjcDHVoibexyRLhsSzKP7Vt6qOMbxv8B2P65mlBNrzGM8SE5NhshhB7jxGH09-lL053R35h4fgtfauYNQiEy9wCacH48ZAGChSoTi6aPlQxqA50fpQ/Bxcg_CgUSDXa-sNyfg3xWnnnfiyR2UF0IyLJZ5xU68s', 'width': 562, 'height': 512}, 'full': {'url': 'https://v5.airtableusercontent.com/v3/u/35/35/1731542400000/BbhS49hDlbUPO2do293-SQ/bVbt4Ivm2yRm36eN0pFh7C324zm96TMcGaeDeINdzr5sOjSLb60_kEGap3dksOR576b367Ogj_daqyPpusx-dlo-ROecd5hOQYNhVmnMra4vqwQsvltqWWZ81xYSsAg9sFXdiekf5bD8Ap3uf1u_Xw/jUnvWO_O9qjfqpHKBbJBnDlpvv-SsP223OIdzZ6gju0', 'width': 1600, 'height': 1457}}}]",The Ersilia Model Hub has been recognised as a public good by the Digital Public Goods Alliance,['Miquel Duran Frigola'],Ersilia,Q2,digital-public-good,Ersilia becomes a Digital Public Good,https://medium.com/ersiliaio/ersilia-becomes-a-digital-public-good-64fb2e8bb72c,2024
recrBpdmJ1GppqjPL,2021-08-30T16:18:38.000Z,['recLZbmJVAqs3sfvw'],2021-06-28,"[{'id': 'att3Ha4eHenHSjhSh', 'width': 3000, 'height': 2000, 'url': 'https://v5.airtableusercontent.com/v3/u/35/35/1731542400000/Fohgx95p1Lhf-S4hl5jNYw/jCJJmi1HTAaHjdpkBtFqqyYhxftjjfgW_S6YfBAm8Q4XTTxS7ptmVU0mYp9uv4KT0AZMxT_pE7Vo43G7QrjlW1eyTssEnXnQtpDFWZ2NVzEeyzLHjAKL3HmmV04ABL6gRyUe0tVN_a7sbOKh8Uz9sydlU0BqhqriUSP38I98lZE/Nu18xTgN0jdUFrnhA0PG-Mrh4mSoMRxLHxasF8p_DL8', 'filename': 'EOSI_BackgroundImage.jpg', 'size': 1699538, 'type': 'image/jpeg', 'thumbnails': {'small': {'url': 'https://v5.airtableusercontent.com/v3/u/35/35/1731542400000/qnxKcq0wUskrrV3SI0F2yw/lWpLK13lHsXvzp1Aiw2puWB5LUmvKg3BCXR_uNq3QhheHcjxCzj4m5coREofm8C9XK3XPtbAaqSODAgNmTkP0srbOo3q0kuWkZeILI1AgJ7Ph38v-kqgtCOibuntq7nSg9awkB_6cTdRcK_oz5FN4Q/T1C-3i70LiJiINaJmD06L5C-LhwigGWuhpYWP6G02i4', 'width': 54, 'height': 36}, 'large': {'url': 'https://v5.airtableusercontent.com/v3/u/35/35/1731542400000/tH1F-nh4AgKI9bi1yxU2IQ/evzo03pSlQDiJ2WjwDxaG1ENe3Uvv0-uwaLK3wdz5MIJUsPczIfh_5dEk0LIDnSjIIkobA-CEmAuAPK-QPtLQfYFV3zykSk92lPEHRRT5zauXG3M8QwKqhClQ1vYA5inF2bN8mQMn9kyC2yhn31KNQ/e8e9GEHiSqzG_sYCZGVb76vwBCCtN48cuu4q9abK6sU', 'width': 768, 'height': 512}, 'full': {'url': 'https://v5.airtableusercontent.com/v3/u/35/35/1731542400000/uG6FKLbH5EqggRjPWWPNnQ/InqQefjrxGxSv2S6kuf_vVH0huRtSfrThGOQVtBHvJRBh9EEDrIKw6EyonK37pq0ohhCvLuud1G8X_Oi4jO5Uxz6kbpWIISqYeIPbj1ajxcKx_WjEJL1P_byWc4d4RN7BFnDIfxtdeyD6IiVS5h4UA/KLUqvnt03_R9cMB3ktO1rVrS1nn42Un4gYYr1Vw2IQ8', 'width': 3000, 'height': 3000}}}]","Here we present our brand guidelines, including logo, fonts and color palettes",['Gemma Turon Rodrigo'],Ersilia,Q2,brand-guidelines,Ersilia Open Source Initiative Brand guidelines,https://medium.com/ersiliaio/ersilia-open-source-initiative-brand-guidelines-130fe53104f5,2021
recs9HoNo6YcTLvBs,2021-08-29T20:32:49.000Z,['recLZbmJVAqs3sfvw'],2021-07-05,"[{'id': 'attfXDTzNxSe9Dfk4', 'width': 1400, 'height': 466, 'url': 'https://v5.airtableusercontent.com/v3/u/35/35/1731542400000/N5lq2vIsAure0v4TlBbKnA/qe469cA_XrJmoGmR_hiJBTI5ZuBbWP_mxwbatKAeZSmDycBD28atpvdWjr4RNXlN3_E81eBPKL0cHcEhIBkIIU7h2ksS_tPPrp-5960Kn4esLm7HFYU9UL3aWD-_9amOM0D0xg-KGPvqvXcPKBRUkw/bgQDFD6_RRV5rVQmIMKZiuhVrPNwhGCy___9CygQeH8', 'filename': 'fundoss.png', 'size': 199708, 'type': 'image/png', 'thumbnails': {'small': {'url': 'https://v5.airtableusercontent.com/v3/u/35/35/1731542400000/FIZAUSpn2yoBKwaarS5zrQ/po8uVJTRLO5Vw-8-3tWnmD7rQIl93X08YgjIp05XZ5jX8oBxW1onE8Cg1bh4Jb9o3XdWMkwketlWsPQMLZpv3b34bTL_JdqAkT-HMxmX2iN2FTy1-ReE8-VC90dd7q8eyomafC1esl7fQe1x2E72mg/iMKPBkoyNDd5ck8PHn96k0grwTq93tpiNd633sQIDJo', 'width': 108, 'height': 36}, 'large': {'url': 'https://v5.airtableusercontent.com/v3/u/35/35/1731542400000/iysWMxzO6aSzrqVXduUyAw/GKMvyYMP-9N1GxInkJIzO47ujk47nykaEimpL2R3cZlzPLvjttBy-2UghmAoG4nmuSXlyN6fUkx8JOIC7qG0X5K1NtvdkzD_GPmmboXc6iS6THoYOdmendYDpFHcXQogLNPMLRUajnAuag17MQGD_Q/gVI-XzSOi5WBw1YePOgEA-dMrjMbdzZHzq-dwnbwdiI', 'width': 1400, 'height': 466}, 'full': {'url': 'https://v5.airtableusercontent.com/v3/u/35/35/1731542400000/uXNu26_MIsmb8HHRPPwlYg/rmX-sXhpaUgahhXlgxEqjPTKeGyyFXUVS9FeXrQVy3mUI2TgTT8dWgRThnkEPM7YK_sgOUUdGhKCetx6I9giiZzNOm5R4ls2awO19G1yw7siCkLM3SBr6rfb9wqRB1q2Ir1uyuIzYI72MHYsIM3PMQ/Mg2UztEFzr6UynSlTYAgaiyWzH96v1dvmdeeDLfBx9Q', 'width': 3000, 'height': 3000}}}]","We want to thank FundOSS for including the Ersilia Open Source Initiative in the pilot round of democratic funding for Open Source Software, as well as our 104 backers, who have helped us raise $13,752",['Gemma Turon Rodrigo'],Ersilia,Q3,fundoss-thanks,Thank you to the FundOSS team,https://medium.com/ersiliaio/thank-you-to-the-fundoss-team-71c131b79a3f,2021
rectFceIKNu6CcmYB,2022-01-31T06:47:13.000Z,['recLZbmJVAqs3sfvw'],2022-01-26,"[{'id': 'attmfPXTdpsw3UedK', 'width': 1400, 'height': 635, 'url': 'https://v5.airtableusercontent.com/v3/u/35/35/1731542400000/x-WMFQtUKvvZY2O1LQU8fg/CJGfQRfJWgRncbQnQOz4IHO8ZgkYigNEuCRGhpm32EYVP8zs-OYNE-6YtlK3xAK4DB1xZVYIUzFmAQca_JzTEHo_-DBm_H53TftQ9XPUFrOuRXDo8IJtYxqFghDqAPPfWCIAuFC968tQ1TJHbl39BkkYQ5CFDPL1QjDQWCwo3XU/ZO1tA4hQohSpjkatbah7Pa5mHVLSs-10OMh5dLCJZr0', 'filename': '1_sp0tef8eWmaRamfHOCFq_Q.png', 'size': 674926, 'type': 'image/png', 'thumbnails': {'small': {'url': 'https://v5.airtableusercontent.com/v3/u/35/35/1731542400000/6bR5N8St7dtq7M1x8LVNrw/xf6QeH4m8i30jIMgMQfqFuvZS0WBhrw5rg1tq4N1xcpZwjK5mwaBlmTD5-BrFi2RviQnHehceBSRhnhwardOc6mq8LLqEN4-yD-UbKqFtgExwn0c-WWJJKTbVJHYq2YWPEcpX-ah74fhOZE2yZ4KeQ/P4SGFyZOgxaw9B8U6eBrR6l29b_ruyIAanrvoIM05jg', 'width': 79, 'height': 36}, 'large': {'url': 'https://v5.airtableusercontent.com/v3/u/35/35/1731542400000/LAibj1t7jWEHQuJbo3U9xw/zmY_AOWM7hmoqX5WwUDyKA85bgZZSlbQYOSpTpeBElDBK0rAG5XEX5D_LcHujepnYRoEM3tpf79AaO-6SiC-3uw2y8F2_ZNdqEMqo4PkM0vecAe14dhzq4zM6O1N-83dVQKwklm1fOxABE0ODFFa0w/dgzwQWYvvzi2GhZ9eTNeKGGmqCItXPVcq_k8PuMr2uY', 'width': 1129, 'height': 512}, 'full': {'url': 'https://v5.airtableusercontent.com/v3/u/35/35/1731542400000/lmkOkPxN78R81NmhjDrFRw/ru7OTJTTwvQtBQh7GL-tJvjjm2eZgDRyikvDRRQUaXP822zjBWJND60sTsu8OWmmNwOolnpCwfuy552rI-Bo6gssOSr5idzpIt_Lkh-SCxAtVwANxdaQfIPH8q4iqlfMgHt35IotPOs7lJPf-E7AiQ/PFMp7d6UmJLtTIto8rn2I9ej6L4-q3a2i1ip3yvbvX8', 'width': 3000, 'height': 3000}}}]",A simple script to download bioactivity data for small molecules,['Gemma Turon Rodrigo'],Ersilia,Q1,pubchem-bioassays,Downloading PubChem Bioassays made easy,https://medium.com/ersiliaio/downloading-pubchem-bioassays-made-easy-132ddd8e21c4,2022
recv8Geh0AruiF2Qz,2022-10-03T21:51:56.000Z,['recLZbmJVAqs3sfvw'],2022-10-01,"[{'id': 'attUIQPuikx1OOEZV', 'width': 1024, 'height': 1024, 'url': 'https://v5.airtableusercontent.com/v3/u/35/35/1731542400000/03NpJtpdmE1tisoS4p5KBQ/sUxLD3ebIDEVN8WCsczcV2vEh87rs-NU-yqFRxEvShKtd-AQbq4qqq6yGdbHcKOpm5HW940fn1_qauppgKqxR1stmLHmijzxKQgNJ8dKAm9jHkSH6otFMnff6QzaY4WDJGtGejbY04qFoqYi1g0c_-1TvbyTVhbgjdztNLBbAN8/Kxt-g1OzNcie3Ya2y3bA6cAdngBeLESQ6qmobNQsEtg', 'filename': '1_4JtxxQv3rJrzdD986zklUQ.png', 'size': 1582643, 'type': 'image/png', 'thumbnails': {'small': {'url': 'https://v5.airtableusercontent.com/v3/u/35/35/1731542400000/o2CzpkQ4P9UgC3A92ej6Og/TqFjdMsMuCprRb0JUosDQRuyfyXqCBq_I_6tamgoyQ3A54Tl_an49tiQIHsSTs_qXqSNE7kICMlG3CXwl42O6ZDdpQN_EqGXZYr6HiO91_d6ai2uHQfA3vxqLNoaqzmIq3Wc43VgfLumnpTBqIvaAw/bjd0VocBKrBKHDlXmsdEkw0eDABTtja4BOHl-ZpVZSE', 'width': 36, 'height': 36}, 'large': {'url': 'https://v5.airtableusercontent.com/v3/u/35/35/1731542400000/xokdoCfvgbAvasZUNwWwmQ/Qzsq9FmdspyMUczD6Y03ytV5lxpwHaxUN7nB-CKfEFw8M_H26YthzeIaqSW3OirMbeTeBnjpw8Byvhn5KzolQhWXZlvpCfQuIrOzNt4hZsb_fVW0IRfXpPWci-mXN-8-pmTSFvcfERowenL-UqAOCw/xYr8vyGUzexHLcsXDfNRIKT6X2azhXlNXvBp3ePXbXc', 'width': 512, 'height': 512}, 'full': {'url': 'https://v5.airtableusercontent.com/v3/u/35/35/1731542400000/UQkxbzrYr3eUoZdtpAmrIQ/U_1r9FpOUaQSKNDI61HG9g4vbkFCAwuzGfnLykkU_huLoxPr01JRBUbTE9yc2uktCPDZ9_FsD05px74eOe2nX8yytT0os5plzDkXcyJfUjLItvKUMSQw6K35JotvT93LYLRucSSdbWpsMalr7BIGcw/aW2zYg-8XYXNqyTfSKEUDrZaU4b2W6v0ZNQ8KIvy9dU', 'width': 3000, 'height': 3000}}}]","A short story about Ersilia’s co-founder journey from experimental sciences to computational biology, with the support from the Software Sustainability Institute.",['Gemma Turon Rodrigo'],Ersilia,Q4,lab-bench-to-ssi,From the lab bench to an SSI fellowship,https://medium.com/ersiliaio/from-the-lab-bench-to-an-ssi-fellowship-a4af4d24b4da,2022
recvtYLGpn6B9UxjZ,2022-10-19T06:31:28.000Z,"['recRbPDMRtxZLdcGj', 'rec4KoiM9mWaw2DKz']",2022-10-19,"[{'id': 'attboyl1FSgc0iTH7', 'width': 1024, 'height': 1024, 'url': 'https://v5.airtableusercontent.com/v3/u/35/35/1731542400000/RIyCIFhVIaejha1MLJOTRg/03b07lI7Basz2UG3zVwij-t-Bf5EIlbmMPGZrweLQh7VLDUQASLsV0PLY3OVKmsxfdhtJYOLnTDD9a90Caw8OTuvaEPzOaPHKs-nsgWVU9AznmHSqNJtBV6AhslqjAGERABk4DFf8dx8BY9JrvsY66Xswx_3I1g7Ky4iNRz8qIihWai78ucqcMvdmesyKfOMc-lyY3_CVzl9_lUdWZY1umQ71sylBtWPnKWmh1c_DGs/NjvPyfiiCg0-1gj1tM4aJxK2fe3tk2oS_A1mY6PQT-I', 'filename': 'DALL·E 2022-10-01 12.02.53 - Person speaking to many blooming flowers, modern art.png', 'size': 2160861, 'type': 'image/png', 'thumbnails': {'small': {'url': 'https://v5.airtableusercontent.com/v3/u/35/35/1731542400000/eOlPn-sFqLnT_6SwE8P9uQ/I0qSsn2k8qo-NKkmeu7J-IQJWfRM5zOjxcBoWQuk9O8SAWLx40bcgyaz4kVmgw5cxijD0NR97kkgxV1SZzML2Xai8SKFg2jGVjraEgbPNwzDRvnMfdJTTjNPdy0cPlbetrqNXAbZiUCGhK19X_izyg/OeBUnnW5ld3rbCOjt3h1ZyHrkWPOk2RZj1xZ3d8EzwA', 'width': 36, 'height': 36}, 'large': {'url': 'https://v5.airtableusercontent.com/v3/u/35/35/1731542400000/pj8iSJgSSGCFmPwhbGDjXg/iRMAL6-VRQwWVAYSKydsnunC52DKAUV9biwe55MtxQYXeu59naY92XiQRqiajoztNg6ztxy16VK6OR6AKrrHDX5va3suAG_aFlcoNrsaaWymPTNp1z4hbzrtTZioC_OicwKtzFwwmMlb0DZRg8KfpQ/obT_vJbt5rDQlMaVD7q3EoQ4nBg4venJHghlGUWiLpY', 'width': 512, 'height': 512}, 'full': {'url': 'https://v5.airtableusercontent.com/v3/u/35/35/1731542400000/Wo6UQWoSJ59RJPZL5lBLQg/S2ASokfJlBDBf1UKzSxFR-lyKFTfPaiRHVV54wazRHQgAfCI_HrgGPJYmghW2K6ZWdiWQgvP7UNW4egbm553Ek8P9MqFfcT52rwqODI0Wi7iw-keKTTG6S_o2xz3Qtoml4Ogy8uQdufPX-7i2Sqaag/kmC0dTfJ1BH8yQzMFasIyIm8MzceVPE3QazPAnETA1k', 'width': 3000, 'height': 3000}}}]","We have interacted with Bloom, an open source AI tool trained on a gigantic corpus of text, in search of insights into Global Health and our role as a non-profit organization","['Miquel Duran Frigola', 'Samuel Volk']",Ersilia,Q4,global-health-bloom-prompts,Global Health prompts to an Artificial Intelligence language model,https://medium.com/ersiliaio/global-health-prompts-to-an-artificial-intelligence-language-model-367e48527831,2022
recyHFKHd6461uRk5,2022-09-13T15:12:50.000Z,['recRbPDMRtxZLdcGj'],2022-09-13,"[{'id': 'attH9LETZc46wFvkx', 'width': 717, 'height': 717, 'url': 'https://v5.airtableusercontent.com/v3/u/35/35/1731542400000/Z5m-nbwdoSMw7aJTYSEoHg/mUZCAeh0DzSgLnrEhMQ-tSBV9pa62a1zlcNeHKijREdl1T08MrBBLfRZeY8kCZRiXA-kQXR8ABzwlQUlc4DyQGLhGDX5DOpcGjVGZ2pMsyMyp9SR_BUwKmmPlmMLEDZ2_h9yllDRimJiIUcyG7BccMI7A3rLWRuzGyR8WsKHlkqOa3TdOysv0sDtmw-sYRD78M-G1fYl22xjIHWhffeOJGvKLCCiCtiXyYrVdRC4hzinbw9QbMhx_AUG4k0EXnj9/wpgxIE0VdfcSv60RiokN6H62s-nh79FssCOMSoip3oo', 'filename': 'DALL·E 2022-09-12 22.50.41 - modern art of two people whispering a secret, with molecules everywhere.png', 'size': 906162, 'type': 'image/png', 'thumbnails': {'small': {'url': 'https://v5.airtableusercontent.com/v3/u/35/35/1731542400000/nZkmI9OKgrmL36p-TQRZuQ/d9yrotr3bbca0_WMtE9GeSBPkx2A7y-yEgCn_mcQEA15xkrgRVKP9jziZxDj7z2GeTP4w_mur5PRJ4TSzOCn6iKbgCWGceQw2crMLBwmF0XaVvZOvQogu518-FJO9HhW4HJzS7rK-4jEbhtFXR7asQ/0uv1LnFJvJJKV5IoQqoF1Vy1iYY3CMcXH115w4OuiSE', 'width': 36, 'height': 36}, 'large': {'url': 'https://v5.airtableusercontent.com/v3/u/35/35/1731542400000/AkSK-RfFGKyeLKzhFfHbvw/LQa2YrdL3PdJZO_3WVpB8M2kY2rQLfqT5FBdAUIa5D1q9AtmLYUG1CD2GzLlXGCMZlcOchm3SgMfIkNJuFmijW_QOYh66_GORQTG3PMvPyyssIsx0xiFfPRo6aVKdCaWZjx87rm9CWY_2IdJ2LJWfg/_Y8YwrObl-c7iHH4UOmrZj5L9sa4j6Hm5UPUk1NMgwA', 'width': 512, 'height': 512}, 'full': {'url': 'https://v5.airtableusercontent.com/v3/u/35/35/1731542400000/py4ATrVzH-y4xb539jD3wA/s5K_9yJqBPaZiAlm9XrUkcgPix5HMXM3nOIU889ovuBeCoDlxzBtyv2YE4l_AHvSfj8A9M68rPKDYK2aknl1uNWSpK69quEOQaB7C9lTU-sVdeorUR0V4-xvhcFJUwexmYSNuaGdGh7ZLZ0IjFSTlg/r4_RsiayaJGegjCC699v05Evn8vjpR4W7ukGOlwcruM', 'width': 3000, 'height': 3000}}}]","We present ChemXOR, a software tool to build privacy-preserving AI models for drug discovery",['Miquel Duran Frigola'],Ersilia,Q3,privacy-preserving-ai,Privacy-preserving AI for drug discovery,https://medium.com/ersiliaio/we-need-to-know-if-it-is-worth-it-privacy-preserving-ai-for-drug-discovery-b6e8704f2832,2022
