id,createdTime,Acronym (from Acronym (from Org)),Collaborator,Description,Ersilia,Ersilia amount,Name,Name (from Collaborator),Organisation,Priority,Quarter,Reference,Short name,Status,Submission,Total amount,Type,Web Description,Words,Year
rec0B3KW9C8ijzQrl,2021-12-01T09:52:52.000Z,['SSI'],,Support for workshops,UK,3500,SSI Fellowship,,['reca8uFgljd1j4FfW'],3,Q4,https://www.software.ac.uk/,SSI Fellow,Accepted,2021-10-30,3500,Program,,,2021
rec0CHcBREHQxay4E,2022-02-05T10:39:06.000Z,['Atlassian'],,The Engage4Good program matches Atlassian volunteers with nonprofits,UK,0,Engage4Good,,['rec1O2nLVwKX2ZMht'],3,Q1,https://www.atlassianfoundation.org/introducing-engage-4-good/,Engage4Good,Accepted,2022-01-20,0,In-Kind,,1600,2022
rec0giKF865hzfShG,2021-09-03T18:03:25.000Z,['Merck'],['recTXBu1UARMSBB6O'],Alignment and large-scale annotation of scRNASeq 2D maps for functional interpretation of drug effects,UK,40000,Merck Digital Innovation,['Patrick Aloy'],['rec10JsGFMceYNviC'],,Q3,https://www.merckgroup.com/en/research/open-innovation/2021-research-grants/rd-digital-innovation.html,DI,Rejected,2021-08-24,40000,Grant,,90,2021
rec0y22VxgpI4gnLR,2024-04-03T10:29:28.000Z,['Mozilla'],,Fellowship for Senior Researcher,Spain,100000,Mozilla Senior Fellows,,['recxOjwRh7twpWN25'],,Q2,https://foundation.mozilla.org/en/what-we-fund/fellowships/senior-fellows/call-for-proposals/,Mozilla Fellow,Rejected,2024-04-17,100000,Program,,,2024
rec17pscgYnJN79LP,2022-10-18T06:10:13.000Z,['Rodenberry'],,"Prize by nomination
",UK,100000,Roddenberry Prize,,['receWK8hNCuNfyreF'],,Q3,https://roddenberryprize.org/,Roddenberry Prize,Rejected,2022-09-14,100000,Prize,,2000,2022
rec2RCUANZN2K4KP4,2024-08-23T07:35:49.000Z,['NVIDIA'],,,Spain,0,NVIDIA Inception for Startups,,['recBTbDLUi5epOsih'],,,https://www.nvidia.com/en-us/startups/,NVIDIA Inception,Won't do,,0,Program,,,
rec2ZDm8mYmdOvTye,2021-09-03T07:55:10.000Z,['Research Parasite'],,"The Chemical Checker, an example of research parasitism",UK,1000,Research Parasite Award,,['recS6AIiAnIZSyLbv'],3,Q3,https://researchparasite.com/,Research Parasite Award,Accepted,2021-09-02,1000,Prize,"The Chemical Checker, an example of research parasitism",756,2021
rec34zOHhSP1eIYLe,2023-11-01T07:53:19.000Z,['Echoing Green'],,,Spain,80000,Echoing Green Fellowship,,['recjfOwwI6c3Ehs7N'],,Q4,,Echoing Green,Rejected,2023-11-01,80000,Grant,,,2023
rec3ZCUSwxmfU8kSH,2021-09-03T18:38:24.000Z,['CZI'],,Ersilia IPP-ML: An IP-Preserving ML Library for Open-Source Drug Discovery,UK,300000,Essential Open Source Software for Science R3,,['recwc1p07vzXT0qwR'],,Q1,https://chanzuckerberg.com/rfa/essential-open-source-software-for-science/,EOSS,Rejected,2021-03-30,300000,Grant,,,2021
rec3dk2gfBxrr2XGH,2024-08-12T13:20:10.000Z,['GHIT'],['recWdwbVGhD3X4omP'],Project in collaboration with Mathew Njoroge and Eisai,Spain,50000,GHIT Target Research Platform,['Kelly Chibale'],['recprfgLikJKHgPGE'],,Q3,https://www.ghitfund.org/,GHIT pharmacogenetics,Rejected,2024-08-08,500000,Grant,,,2024
rec3iCV7RrTDfhaQZ,2022-03-31T09:54:50.000Z,['Outreachy'],,Outreachy sponsors interns for underrepresented students in STEM,UK,0,Outreachy Internship,,['reczDHok1ollotQfV'],3,Q1,https://outreachy.org,Outreachy,Accepted,2022-03-25,0,In-Kind,,1000,2022
rec4SDcqhA5q11HTX,2022-08-21T12:02:34.000Z,['FFWD'],,,UK,20000,Fast Forward,,['recYj5eJn2xaueD22'],3,Q3,,Fast Forward,Accepted,2022-07-01,20000,Donation,,,2022
rec4psXj10okMhTdH,2024-09-05T14:45:42.000Z,['Horizon'],['recZozdc1BWt0XVr9'],Doctoral network applying for a PhD student shared with University of Pisa and Johanness Gloecker group,Spain,0,Marie Skłodowska-Curie Actions Doctoral Networks,['Francesco Raimondi'],['recJWNVnfgJC1Slbg'],,Q4,https://marie-sklodowska-curie-actions.ec.europa.eu/actions/doctoral-networks,MSCA Doctoral Network,Pending,2024-11-21,0,Grant,,,2024
rec5T8UFlv28kw8w8,2025-02-18T13:15:14.000Z,['Google'],,,Spain,750000,Google Generative AI Accelerator,,['rec1TjXvTumME7x5L'],,Q1,https://impactchallenge.withgoogle.com/genaiaccelerator/,GoogleGenAI,Pending,2025-02-10,750000,Grant,,,2025
rec5Y1XqU6nVNp6KR,2021-09-03T18:19:21.000Z,['BMGF'],['recC0RfYQ7M7srYuT'],"Ersilia is a sub-awardee of the Calestous Juma Fellow Prof. Fidele Ntie-Kang, at the University of Buea, Cameroon",UK,78000,Calestous Juma Science Leadership Fellowship,['Fidele Ntie-Kang'],['recXj51Yl5EHQ4ZVC'],3,Q1,https://gcgh.grandchallenges.org/grant-opportunities,Calestous Juma Science Leadership,Accepted,2021-03-29,1000000,Grant,"Ersilia is a sub-awardee of the Calestous Juma Fellow Prof. Fidele Ntie-Kang, at the University of Buea, Cameroon",100,2021
rec5amNTpxdJyXmxi,2025-03-07T07:25:38.000Z,['Grífols'],,,Spain,6000,Grífols bioethics research grant,,['recULI999kDcBvf4J'],,Q2,https://www.fundaciogrifols.org/es/research-grants,Grífols bioethics,To do,2025-05-31,6000,Grant,,,2025
rec5hYyv6Zn4NVcEm,2024-05-16T07:19:17.000Z,['Docker'],,Free Docker team and no pricing,Spain,0,Docker-Sponsored Open Source Program,,['recmQrJjdjV83NgJ1'],,Q2,https://www.docker.com/community/open-source/application/,DSOS,Accepted,2024-05-15,0,In-Kind,,,2024
rec68qsIwzz5IPkjo,2022-08-21T11:21:02.000Z,['A4ID'],,A4ID matches nonprofits with pro-bono legal services worldwide,UK,0,Advocates for International Development,,['rec0BI2reMCAdfQDI'],3,Q3,,A4ID Legal Advice,Accepted,2022-07-01,0,In-Kind,,,2022
rec69QIovNNEgN7z5,2023-12-08T10:17:28.000Z,['BMGF'],['recVN0V0qlLkq5Qvn'],Malaria target based on initial hit,Spain,50000,BMGF GCAM2023,['Fabrice Boyom'],['recXj51Yl5EHQ4ZVC'],,Q4,,GCAM,Rejected,2023-12-05,250000,Grant,,,2023
rec6m8HSzVxRbhmBK,2022-08-21T11:17:35.000Z,['Splunk'],,Splunk offers free access to the Splunk Enterprise software,UK,0,Splunk Pledge,,['recVaIRwIc53m8DoG'],3,Q3,,Pledge,Accepted,2022-08-01,0,In-Kind,,,2022
rec6xmvDesewrFe1h,2025-03-07T07:35:37.000Z,['AXA'],,Postdoctoral grant for two years,Spain,140000,AXA Research Fund Postdoctoral Fellowship,,['rectuJJ5sOUj4GJYE'],,Q1,https://axa-research.org/field-of-research/health,AXA Research Fund,To do,2025-03-25,140000,Grant,,,2025
rec72ozXizbCakHJO,2024-01-03T11:54:18.000Z,['AWS'],,,Spain,150000,Amazon Research Awards,,['recPonMghDrc7HY0x'],,Q2,https://www.amazon.science/research-awards/call-for-proposals,AWS ARA,To check,2025-05-01,150000,Grant,,,2025
rec73g7Cc1CyBB0pu,2021-09-03T18:54:07.000Z,['AwesomeFoundation'],,Ersilia: open source AI for global health,UK,1000,Awesome Project,,['recJkOJuLMjKSr76o'],,Q4,https://www.awesomefoundation.org/en,Awesome Project,Rejected,2020-12-07,1000,Grant,,796,2020
rec8QTDrM5U3TMUvB,2023-02-01T10:27:55.000Z,['TED'],,,UK,1000000,Audacious Project,,['recZR55TQCvoHqOIN'],,Q1,https://www.audaciousproject.org/,Audacious Project,Rejected,2023-02-17,1000000,Program,,1000,2023
rec8uDmhnsj5AUt32,2022-08-21T11:20:49.000Z,['GitBook'],,We benefit from a nonprofit plan at GitBook,UK,0,GitBook Discount,,['recQ78u0N9ECE33EP'],3,Q1,,GitBook Discount,Accepted,2021-03-01,0,In-Kind,,,2021
rec9AKcRRWIWPM5GX,2024-02-22T15:38:58.000Z,['CNPq'],"['reccjMxG6bQKHtoYG', 'recOa7WZ9DrrUYunS']",,Spain,0,Brazilian National Council for Scientific and Technological Development,"['Flavio Emery', 'Carolina Horta Andrade']",['recfeB9FaiVITBmWV'],3,Q4,,CNPq,Accepted,2023-11-01,10000,Grant,,,2023
rec9GZTnxkp9o3xXK,2024-06-03T07:08:10.000Z,['Ford'],,,Spain,75000,Digital Infrastructure Insights,,['reculURo2deuOUoIv'],,Q2,https://fordfoundation.forms.fm/2024-digital-infrastructure-insights-fund-rfp/forms/9861,DII,Rejected,2024-06-02,75000,Grant,,,2024
rec9JC7iGfm1fl15s,2023-07-31T08:58:18.000Z,['EuropeanAI'],,Funding for AI Clinics,Spain,15075,Ecosystem Grant,,['rec0tndU7a8eVgz1h'],,Q3,https://europeanaifund.org/newspublications/our-ecosystem-grants-programme-is-now-open/,Ecosystem Grant,Rejected,2023-07-29,15075,Grant,,,2023
rec9LG7yo2EC1mPHy,2022-08-21T11:28:17.000Z,['Monday.com'],,We benefit from a nonprofit plan at Monday.com,UK,0,Monday.com Discount,,['recEf0VoAOz6arG5O'],3,Q2,,Monday.com Discount,Accepted,2022-04-16,0,In-Kind,,,2022
rec9NDke02fh1FZTY,2022-08-21T11:26:42.000Z,['Okta'],,,UK,1360,Okta Employee Giving,,['reczCieNh9idVSJi0'],3,Q3,,Okta Employee Giving,Accepted,2022-07-06,1360,Donation,,,2022
recA4WPuBEw7GOixz,2023-08-31T10:10:26.000Z,['Mozilla'],,,Spain,25000,Data Future Lab Infrastructure Fund,,['recxOjwRh7twpWN25'],,Q3,https://foundation.mozilla.org/en/data-futures-lab/grantmaking/infrastructure-fund/,DFL Fund,Rejected,2023-08-31,25000,Grant,,,2023
recANgQFb8UfG1Vg9,2024-10-16T13:39:42.000Z,['LSE100X'],,LSE 100x Accelerator. We were not accepted previously due to having a small team. Now we are big enough an we are applying again,Spain,150000,LSE 100X Accelerator,,['recj7Ph0J9qGlSHdq'],,Q4,https://www.100ximpact.org/,100X,Pending,2024-10-28,150000,Grant,,,2024
recAY8OeLkVCYRgSW,2023-10-27T13:29:49.000Z,['CZI'],,,Spain,365000,CZI Essential Open Source Software,,['recwc1p07vzXT0qwR'],,Q4,,EOSS,Rejected,2023-10-16,365000,Grant,,,2023
recAcRnD0jAgDcHpc,2023-06-04T00:48:37.000Z,['BMGF'],['recC0RfYQ7M7srYuT'],Fidele Ntie-Kang leads the proposal,UK,100000,Grand Challenges ADDA Antivirals,['Fidele Ntie-Kang'],['recXj51Yl5EHQ4ZVC'],,Q2,,Grand Challenges ADDA Antivirals,Rejected,2023-05-18,750000,Grant,,,2023
recAm6N3xmBP56mGo,2022-08-21T11:16:55.000Z,['Splunk'],,,UK,10000,Splunk Pledge,,['recVaIRwIc53m8DoG'],3,Q3,,Splunk Pledge,Accepted,2022-09-16,10000,Donation,,,2022
recBw48NSvqJDFYAH,2024-01-03T12:12:14.000Z,['Rodenberry'],,,Spain,15000,Roddenberry Catalyst,,['receWK8hNCuNfyreF'],1,Q1,https://roddenberryfoundation.org/our-work/catalyst-fund/,Roddenberry Catalyst,Accepted,2024-02-21,15000,Grant,,,2024
recC4wRDrtkJ3uBdt,2025-01-21T23:02:27.000Z,['Ministerio Ciencia'],,Ramón y Cajal contract from the Spanish Ministry with Miquel as candidate,Spain,150000,Ramón y Cajal Contract,,['recyeH3jbg8zjl4St'],,Q1,https://www.aei.gob.es/convocatorias/buscador-convocatorias/ayudas-contratos-ramon-cajal-ryc-2024/convocatoria,Ramón y Cajal,Pending,2025-01-21,150000,Grant,,,2025
recChlX0abLsPXo1H,2021-09-03T17:42:25.000Z,['Rosetrees'],['recFDXERsLP4dZUSX'],Synthesis and preclinical validation of open source antimalarial drug candidates generated using AI/ML together with the Open Source Malaria Consortium,UK,2000,SeedCorn Award,['Matthew Todd'],['rec6Gl8XMWflj07LZ'],2,Q3,https://rosetreestrust.co.uk/,SeedCorn Award,Accepted,2021-08-31,13887,Grant,Synthesis and preclinical validation of open source antimalarial drug candidates generated using AI/ML together with the Open Source Malaria Consortium,3000,2021
recDdglZpMdKw2i8k,2022-07-16T19:17:19.000Z,['DO'],['recC0RfYQ7M7srYuT'],Developing a DigitalOcean based cloud infrastructure at University of Buea,UK,5000,Digital Ocean Hollie's Hub for Good,['Fidele Ntie-Kang'],['recDjmp1sdTYcHOqm'],,Q3,https://www.digitalocean.com/community/pages/hollies-hub-for-good,Hollie'sHub for Good,Rejected,2022-07-16,5000,Donation,,1931,2022
recDreKIhZPJnVTtK,2021-09-03T18:32:40.000Z,['YC'],,AI for Drug Discovery in Global Health,UK,100000,Y Combinator Accelerator,,['recjYQiIVFJPSEGHA'],,Q1,https://www.ycombinator.com/,YC Accelerator,Rejected,2021-03-18,100000,Program,,4808,2021
recDtSL899CgeVnKj,2021-09-03T18:49:47.000Z,['NIH'],"['recWdwbVGhD3X4omP', 'recC0RfYQ7M7srYuT']",Harnessing African natural product and traditional medicine databases for drug discovery using artificial intelligence,UK,400000,Data Science for Health Discovery and Innovation in Africa,"['Kelly Chibale', 'Fidele Ntie-Kang']",['recwTHOQpELBDf2Qz'],,Q4,https://grants.nih.gov/grants/guide/rfa-files/RFA-RM-20-015.html,DS-I Africa,Rejected,2020-12-12,5000000,Grant,,10000,2020
recEL1ldNlfThcNrQ,2024-01-05T08:51:31.000Z,['GSK-TCOLF'],,In collaboration with a Global South partner,Spain,,GSK-TCOLF Grant,,['rec5ESNI3HnDoPf2K'],,Q2,https://www.openlabfoundation.org/submitYour.php,TCOLF,To check,2025-06-30,,Grant,,,2025
recEYbsozi6BfU0dR,2024-01-29T08:51:56.000Z,['Ministerio Ciencia'],,,Spain,212000,Plan Generación Conocimiento,,['recyeH3jbg8zjl4St'],1,Q1,https://www.aei.gob.es/convocatorias/buscador-convocatorias/proyectos-generacion-conocimiento-2023,Plan Nacional 2024,Accepted,2024-01-30,212000,Grant,,,2024
recFOCovHanCEB14A,2021-09-03T18:29:26.000Z,['Google'],,"Ersilia, a hub of open-source AI models for drug discovery and global health",UK,0,Google Summer of Code,,['rec1TjXvTumME7x5L'],,Q1,https://summerofcode.withgoogle.com/,GSOC,Rejected,2021-02-19,0,In-Kind,,2000,2021
recFWshujFQxRbTLH,2021-12-01T09:50:35.000Z,['FFWD'],,Accelerator for tech nonprofits,UK,25000,Fast Forward Accelerator,,['recYj5eJn2xaueD22'],1,Q4,https://www.ffwd.org/,FFWD Accelerator,Accepted,2021-11-29,25000,Program,,3000,2021
recG17nBCqKxgfKdE,2024-05-11T11:49:04.000Z,['IRL'],,Science and arts residency Ersilia,Spain,0,Faber Llull Andorra Residència,,['rec6wQKj5Lfive1Qa'],,Q3,https://faberllull.cat/en/andorra.cfm,Faber Llull Andorra,Won't do,2024-07-25,0,Program,,,2024
recGbSwg0L9NZq1dx,2021-09-03T18:27:57.000Z,['Cranfield'],,The Cranfield Trust offers pro-bono business management support for UK charities,UK,0,Cranfield Trust,,['recJPK8qAaalPbjxJ'],3,Q1,https://www.cranfieldtrust.org/,Cranfield Trust,Accepted,2021-02-21,0,In-Kind,,200,2021
recGnN305zvScIOny,2024-01-02T14:51:04.000Z,['LacunaFund'],,No new RFPs open yet,Spain,,Lacuna Fund,,['recCWIMNDg9vNPsfg'],,Q3,https://lacunafund.org/health/,Lacuna Fund,Won't do,2024-07-23,,Grant,,,2024
recHFeO4uxL0jawr6,2023-11-07T19:22:59.000Z,['Meta'],,Conversational AI using LLAMA-2,Spain,350000,Meta LLAMA Impact Grants,,['recp6V0BYrr7xtno7'],,Q4,https://ai.meta.com/llama/llama-impact-grants/,Meta LLAMA,Rejected,2023-11-15,350000,Grant,,,2023
recHaVg0ZaLyi3Yhx,2022-06-12T06:11:39.000Z,['TheFore'],,The Fore provides an unrestricted grant and business development support for young UK charities,UK,41000,The Fore Fellowship,,['recwMx5zzqI9w2RFn'],2,Q2,https://thefore.org/,The Fore Fellowship,Accepted,2022-04-01,41000,Grant,The Fore provides an unrestricted grant and business development support for young UK charities,1400,2022
recHisbDaaUvd1BW1,2024-11-02T18:25:54.000Z,['Merck'],['recf7F0yp5VDks9XZ'],Schistosomiasis grant in collaboration with the IMPM. Very focussed on capacity building.,Spain,3000,Merck Schistosomiasis Research Grant,['Justin Komguep'],['rec10JsGFMceYNviC'],2,Q4,https://www.emdgroup.com/en/sustainability/health-for-all/innovation-for-all/open-innovation-for-global-health/schistosomiasis-research-grant.html,Merck SRG,Accepted,2024-10-31,30000,Grant,,,2024
recIOo0Dbr5WxMlWn,2021-09-03T18:45:11.000Z,['IOI'],,The Ersilia Model Hub,UK,10000,JROST Small Grant,,['recPwqhKNWpq2XhRR'],,Q4,https://investinopen.org/apply-jrost2020-rapid-response-fund/,JROST Small Grant,Rejected,2020-12-01,10000,Grant,,,2020
recItUKz5tSIkgTNE,2024-01-02T14:36:36.000Z,['Mulago'],,"By invite only, I should send an email",Spain,100000,Rainer Fellowship,,['recKYcntxqXlX1xf1'],,Q1,https://www.mulagofoundation.org/rainer-fellows-program,Rainer Fellows,Rejected,2024-02-29,100000,Program,,,2024
recIxAmrOgiC39IaZ,2024-12-01T16:01:20.000Z,['Meta'],,,Spain,500000,Llama Impact grant,,['recp6V0BYrr7xtno7'],,Q4,https://ai.meta.com/blog/llama-3-1-impact-grants-call-for-applications/,Llama,Pending,2024-12-01,500000,Grant,,,2024
recJLjlgHgZkyqcl4,2022-05-10T06:22:27.000Z,['BSC'],['recTXBu1UARMSBB6O'],The Ersilia Model Hub: an AI/ML repository for drug discovery in infectious and neglected tropical diseases,UK,0,Red Española de Supercomputación Projects Period 2,['Patrick Aloy'],['recRoEECdF7hITsYL'],,Q2,https://www.bsc.es/res-intranet/,RES Projects P2,Rejected,2022-05-10,0,In-Kind,,2500,2022
recJfexsUHpPAubTN,2021-09-03T18:16:35.000Z,['TheFore'],,Sustainable research in Africa with the Ersilia Model Hub,UK,41670,The Fore Fellowship,,['recwMx5zzqI9w2RFn'],,Q2,https://www.thefore.org/applying-for-funding/,The Fore Fellowship,Rejected,2021-04-27,41670,Grant,,1513,2021
recKTJ756kvk1BmLo,2023-06-04T00:51:09.000Z,['AwesomeFoundation'],,Awesome Project to support the Ersilia Model Hub,UK,1000,Awesome Project,,['recJkOJuLMjKSr76o'],,Q2,,Awesome Project to support the Ersilia Model Hub graphical assets,Rejected,2023-05-15,1000,Grant,,,2023
recKTjHKUaNurO2jA,2024-05-20T14:59:19.000Z,['Horizon'],,,Spain,75000,Women in Tech EU,,['recJWNVnfgJC1Slbg'],,Q2,https://womentecheurope.eu/upcoming-calls-and-programme-plan/,WomenTechEU,Rejected,2024-05-20,75000,Grant,,,2024
recKw57lkqvO2jM05,2021-12-01T10:00:38.000Z,['Tweag'],,Support for Open Source Contributors,UK,3500,Tweag Open Source Fellowship,,['recbX6SLp9hUobuhJ'],,Q3,https://www.tweag.io/blog/2020-02-14-os-fellowship/,Tweag OSF,Rejected,2021-09-30,3500,Program,,2000,2021
recLAs4hqMjJlOlMT,2022-08-21T11:20:38.000Z,['Airtable'],,We benefit from a nonprofit plan at Airtable,UK,0,Airtable Discount,,['recE1vpy5mkCBkWDQ'],3,Q3,,Airtable Discount,Accepted,2021-09-01,0,In-Kind,,,2021
recMU6PrPVlSQ3hCE,2023-07-31T08:01:09.000Z,['IOI'],['recWdwbVGhD3X4omP'],"Funding for AI course in Ghana
",Spain,0,IOI Infrastructure Fund,['Kelly Chibale'],['recPwqhKNWpq2XhRR'],,Q3,https://investinopen.org/blog/open-infrastructure-fund-pilot-cfp/,IOI Fund,Rejected,2023-07-29,20900,Grant,,,2023
recMUXzRJHbBOiNj8,2021-09-03T18:09:55.000Z,['SSI'],,The SSI performed a Research Software Healthcheck of the Ersilia Model Hub,UK,0,Research Software Healthcheck,,['reca8uFgljd1j4FfW'],3,Q1,https://www.software.ac.uk/programmes-and-events/research-software-healthcheck,RS Healthcheck,Accepted,2021-01-28,0,In-Kind,,20,2021
recMoIZyxpbxyAWQW,2023-06-04T00:53:31.000Z,['DO'],,Cloud credits DigitalOcean,UK,0,Hollie's Hub for Good,,['recDjmp1sdTYcHOqm'],3,Q2,https://www.digitalocean.com/community/pages/hollies-hub-for-good,Hollie's Hub for Good DigitalOcean,Accepted,2023-05-25,0,In-Kind,,,2023
recMx97U8NWjx8Ro7,2021-09-03T07:55:10.000Z,['AWS'],,The Ersilia Model Hub: an AI/ML repository for drug discovery in infectious and neglected tropical diseases,UK,68000,Amazon Research Awards AI,,['recPonMghDrc7HY0x'],,Q3,https://www.amazon.science/research-awards/call-for-proposals/aws-ai-call-for-proposals-fall-2021,ARA AI,Rejected,2021-09-02,68000,Grant,,3090,2021
recNEhSH9TSrDJ7XV,2024-09-06T07:11:03.000Z,['AMMNet'],,Opportunity to create a training event related to malaria,Spain,40000,AMMNet Event Awards,,['rec2Mowoszqz1AbGd'],,,https://ammnet.org/ammnet-grant-opportunity-large-event-award/,AMMNet,Won't do,,40000,Grant,,,
recNEtIxaADLQHH2u,2021-09-03T18:24:55.000Z,['HSF'],,Ersilia: a machine learning hub of open source drug discovery models for global health,UK,4166,Hospital Saturday Fund Small grant,,['reck6U0K2KZBbBwDO'],,Q3,https://hospitalsaturdayfund.org/,HSF Small Grant,Rejected,2021-09-03,4166,Grant,,250,2021
recNNYCx1kpTfWCG1,2024-01-03T14:51:35.000Z,['LaCaixa'],,Must be in collaboration,Spain,,La Caixa Cooperació Internacional,,['rec8QroLbTMyh6pKV'],,Q2,https://fundacionlacaixa.org/ca/convocatories-socials-cooperacio-internacional,Cooperació LaCaixa,Won't do,2024-05-09,,Grant,,,2024
recNfERwpCX1zuwSy,2021-09-03T17:47:38.000Z,['NIH'],,In silico discovery of drug and diet combinations for tuberculosis treatment using genome-scale metabolic modeling,UK,100000,R21 NOT-AI,,['recwTHOQpELBDf2Qz'],,Q2,https://grants.nih.gov/grants/guide/notice-files/NOT-AI-21-011.html,R21,Rejected,2021-06-16,100000,Grant,,10000,2021
recOrMjuMcWGM6tNh,2023-08-01T12:17:33.000Z,['IOI'],,,Spain,16600,IOI Infrastructure Fund,,['recPwqhKNWpq2XhRR'],,Q3,https://investinopen.org/blog/open-infrastructure-fund-pilot-cfp/,IOI Fund,Rejected,2023-07-31,16600,Grant,,,2023
recOrOPusLioGDQx4,2024-02-23T06:57:37.000Z,['MRC'],['recYNSXwmuhOcTkRS'],Researchers should be supported by an enthusiastic local research environment and by a UK-based partner as part of a partnership between the African and UK institutions.,Spain,100000,MRC African Research Leadership,['Elizabeth Kigondu'],['reccs1nPauETWOU6O'],,Q2,https://www.ukri.org/opportunity/african-research-leaders/,African Leaders,Rejected,2024-04-24,750000,Grant,,,2024
recPnFXvKBXobLeBg,2022-08-21T12:04:49.000Z,['GitHub'],,,UK,500,GitHub,,['rec1VukbtVoIQWIXt'],3,Q3,,GitHub Donation,Accepted,2022-08-01,500,Donation,,,2022
recQAxpXrdIh0GDh5,2022-02-05T10:37:16.000Z,['NTEN'],,Ersilia Model Hub,UK,10000,Pizzigati Prize,,['recwpEYXL3A3CySqe'],,Q1,"https://www.nten.org/article/apply-for-the-2022-pizzigati-prize/#:~:text=Historically%2C%20the%20Pizzigati%20Prize%20has,grant%20and%20two%20%245%2C000%20grants.",Pizzigati Prize,Rejected,2022-01-28,10000,Prize,,1700,2022
recQl32a7e0zB8wEt,2022-07-21T08:33:52.000Z,['DigitalLift'],,Support for SaaS licenses,UK,960,Digital Lift Software  Grant,,['recZUpZ2U13Ij8LVq'],3,Q3,https://digital-lift.org/grants/,Digital Lift Software Grant,Accepted,2022-07-21,960,Donation,,200,2022
recS0ua9VazZKAHz5,2022-04-03T17:06:22.000Z,['NIH'],"['recbr7eyLBoJr6ohL', 'recffUA2qCEJVC7O4']",Biomarkers of Malaria (second application),UK,15000,NIH R01,"['Ana Rodriguez', 'Quique Bassat']",['recwTHOQpELBDf2Qz'],,Q1,https://grants.nih.gov/grants/funding/r01.htm,R01,Rejected,2022-02-18,500000,Grant,,4000,2022
recSCQuFoBFd8jkL9,2024-08-26T13:51:34.000Z,['Campus Founders'],,The program runs twice a year. Miquel was contacted by Saif via email.,Spain,25000,AI Founders Accelerator,,['recuqWzQCddQpf64b'],,,https://campusfounders.de/startups/aifounders/,AI Founders,To check,,25000,Program,,,
recSdb14eqzqcHzaP,2022-08-21T11:19:53.000Z,['Astor'],,,UK,2000,Astor Foundation,,['rechRLvRmZwLDtB8D'],3,Q2,,Astor Foundation Donation,Accepted,2021-06-05,2000,Donation,,,2021
recSv9xCoFDAOxiUB,2021-12-01T09:54:52.000Z,['Horizon'],['recZozdc1BWt0XVr9'],Deciphering Evolutionary Conserved Orthologous Drug Epitopes to Reveal Solutions for Parkinson's,UK,0,Marie Skłodowska-Curie Actions Doctoral Networks,['Francesco Raimondi'],['recJWNVnfgJC1Slbg'],,Q4,https://ec.europa.eu/research/mariecurieactions/calls/msca-doctoral-networks-2021,MSCA Doctoral Network,Rejected,2021-11-17,0,Program,,26693,2021
recT3XLmcmd0k90v0,2021-09-03T18:06:28.000Z,['Wellcome'],,Ersilia: a machine learning hub of open source drug discovery models for global health,UK,555600,Technology Development,,['rec5a7vYCs5uR7K6O'],,Q1,https://wellcome.org/grant-funding/schemes/technology-development-grants,Technology Development,Rejected,2021-01-11,555600,Grant,,1200,2021
recTKIB88ifq189mq,2023-02-01T10:22:36.000Z,['OP'],,,UK,100000,Century Fellowship,,['recBXkWvz62oARNZW'],,Q4,https://www.openphilanthropy.org/century-fellowship/,Century Fellowship,Rejected,2022-12-30,100000,Grant,,2000,2022
recTWLhGpVHMCJ8D5,2025-03-07T08:01:13.000Z,['BMGF'],['recVN0V0qlLkq5Qvn'],Project led by Fabrice Boyom with Nchinda from H3D,Spain,,BMGF Innovations for Gram-Negative Antibiotic Discovery II,['Fabrice Boyom'],['recXj51Yl5EHQ4ZVC'],,Q1,https://gcgh.grandchallenges.org/challenge/innovations-gram-negative-antibiotic-discovery,BMGF Grand Challenges,To do,2025-03-31,,Grant,,,2025
recUzKsdsn8MLETrT,2021-09-03T18:43:52.000Z,['USERN'],,Ersilia Open Source Initiative: a hub of artificial intelligence for drug discovery in low- and middle-income countries,UK,0,USERN Prize,,['rectEvTgqsamQOosD'],,Q2,"https://usern.tums.ac.ir/News/New?title=USERN%20Prize%20Application,%202021",USERN Prize,Rejected,2021-05-24,0,Prize,,1272,2021
recWDhCfErMkcRF4n,2021-09-03T18:33:01.000Z,['UKAID'],['recC0RfYQ7M7srYuT'],Research capacity strengthening in Cameroon via an in-country study of herbal remedies using a set of AI tools optimised for low-resourced settings,UK,34000,Small Charities Challenge Fund,['Fidele Ntie-Kang'],['recjJo5X2oEnA5ylZ'],,Q1,https://www.ukaiddirect.org/apply/sccf/,SCCF,Cancelled,2021-03-25,69412,Grant,,8000,2021
recWfp8Qccv2bKeUz,2024-01-02T14:15:36.000Z,['LSE100X'],,Tech Non Profit Accelerator,Spain,150000,LSE 100X Impact Accelerator,,['recj7Ph0J9qGlSHdq'],,Q1,https://www.100ximpact.org/,LSE100X,Won't do,2024-01-29,150000,Program,,,2024
recXPP45RGgmvh2zz,2024-10-18T07:01:59.000Z,['NIH'],['recVN0V0qlLkq5Qvn'],Plasmodium falciparum MEP pathway with computational tools and experiments. A seed is available,Spain,88550,NIH R21 Exploratory and Developmental Grant,['Fabrice Boyom'],['recwTHOQpELBDf2Qz'],,Q4,https://grants.nih.gov/funding/activity-codes/r21,NIH R21,Pending,2024-10-17,250000,Grant,,,2024
recXrwVFwCa8HrArv,2024-03-20T10:41:41.000Z,['GitHub'],,We made it to the final interviews with Kevin Crosby,Spain,40000,GitHub Accelerator,,['rec1VukbtVoIQWIXt'],,Q1,https://accelerator.github.com/,GitHub Accelerator,Rejected,2024-03-08,40000,Program,,,2024
recYFMuKufKPGHnmz,2022-08-21T11:20:26.000Z,['Slack'],,We benefit from a nonprofit plan at Slack,UK,0,Slack Discount,,['recPLKR2EoqhQk7IP'],3,Q2,,Slack Discount,Accepted,2021-05-01,0,In-Kind,,,2021
recYU8XKQvJARUXQL,2021-09-12T12:31:20.000Z,['Merck'],,We developed a privacy-preserving machine learning toolbox for secure distribution and dissemination of IP-protected drug discovery results,UK,30000,Biopharma Speed Grant,,['rec10JsGFMceYNviC'],2,Q2,https://www.merckgroup.com/en/research/open-innovation/biopharma-open-innovation-portal/biopharma-speed-grant.html,Biopharma Speed Grant,Accepted,2021-06-03,30000,Grant,Development of a privacy-preserving machine learning toolbox for secure distribution and dissemination of IP-protected drug discovery results,2200,2021
recYik8XnXC4XZzcB,2023-11-13T12:15:37.000Z,['LaCaixa'],['recDPW6jA9UnJDatl'],Cryptosporidiosis with Faustin Kamena (Cameroon),Spain,200000,CaixaResearch,['Faustin Kamena'],['rec8QroLbTMyh6pKV'],,Q4,https://caixaresearch.org/es/,CaixaResearch,Rejected,2023-11-16,300000,Grant,,,2023
recZYWufNc9USTw37,2024-01-03T12:14:26.000Z,['AgencyFund'],,,Spain,70000,Agency Fund,,['recYvD3nrzgXEnivf'],,Q1,https://www.agency.fund/apply,Agency Fund,Rejected,2024-02-02,70000,Grant,,,2024
recaDSx0hZS9e6cav,2025-03-07T07:42:05.000Z,['FBBVA'],,,Spain,250000,BBVA Fundamentos,,['recEc9Oo1HNlzc53Y'],,Q1,https://www.fbbva.es/ayudas/programa-investigacion-fundamentos-fundacion-bbva-2024/,BBVA Fundamentos,To do,2025-03-31,250000,Grant,,,2025
recaN32KEDjiaDDSi,2022-10-18T06:12:40.000Z,['AWS'],,,UK,70000,Amazon Research Awards,,['recPonMghDrc7HY0x'],,Q4,,AWS ARA,Rejected,2022-10-19,70000,Grant,,,2022
recaXdEC546wVxxUG,2023-06-04T00:46:15.000Z,['BMGF'],,LoI sent to Peter Warner,UK,300000,Grand Challenges ADDA,,['recXj51Yl5EHQ4ZVC'],,Q2,,Grand Challenges ADDA LoI,Rejected,2023-05-28,300000,Grant,,,2023
recavBC3ytf1qpOJx,2021-09-03T18:30:31.000Z,['RSTMH'],,Design of an AI/ML-based screening cascade for antimalarial drug discovery against multiple life-cycle stages of the parasite.,UK,6942,Small Grant RSTMH,,['reca4nVHNoyYiI4iu'],,Q2,https://rstmh.org,Small Grant RSTMH,Rejected,2021-04-15,6942,Grant,,5630,2021
recbDU2pCnmuWLOFy,2022-07-16T19:16:49.000Z,['Google'],['recbr7eyLBoJr6ohL'],Malaria for in rural Colombia,UK,75000,GoogleAI,['Ana Rodriguez'],['rec1TjXvTumME7x5L'],,Q2,https://ai.google/social-good/,Google AI,Rejected,2020-06-22,150000,Grant,,1800,2020
recbPheNTgrC9XnGo,2022-02-05T10:34:33.000Z,['MSD'],,Development of a marketing strategy for Open Source AI/ML tools for infectious and neglected disease research,UK,8050,"Merck, Sharp & Dohme Fellows",,['recBvu6ckss73YuCL'],,Q1,https://www.msd.com/company-overview/responsibility/philanthropy/a-closer-look-msd-fellowship-for-global-health/,MSD Fellows,Rejected,2022-01-09,8050,In-Kind,,3000,2022
recbui9bgtts6DUZf,2025-03-07T07:27:28.000Z,['BMGF'],['recDrE7r2IhAfs6Dk'],"Klebsiella research with GARDP, Isomorphic Labs and H3D",Spain,200000,BMGF Innovations for Gram-Negative Antibiotic Discovery I,['Alan Hennessey'],['recXj51Yl5EHQ4ZVC'],,Q1,https://gcgh.grandchallenges.org/challenge/innovations-gram-negative-antibiotic-discovery,BMGF Grand Challenges,To do,2025-03-20,200000,Grant,,,2025
reccRw5L5yihVjvUD,2023-11-27T12:20:28.000Z,['CS&S'],,,Spain,5000,EventFund2023,,['reczjfxnVL2XgBBqf'],,Q4,https://www.codeforsociety.org/news/call-for-applications-pushing-the-boundaries-of-research-software-engineering,EventFund,Rejected,2023-11-27,10000,Grant,,,2023
reccYyi31lII3OSt2,2023-03-01T15:03:49.000Z,['NIH'],,,UK,353700,R01: Severe Malaria Biomarkers,,['recwTHOQpELBDf2Qz'],,Q1,,R01,Rejected,2023-02-17,1000000,Grant,,20000,2023
recccCjGBpI42Cq6i,2024-01-03T09:50:06.000Z,['NTEN'],,,Spain,,Pizzigati Prize,,['recwpEYXL3A3CySqe'],,Q1,https://www.nten.org/change/pizzigati-prize,Pizzigati Prize,Won't do,2024-01-24,,Prize,,,2024
recddIfJ4Zi8Qrqz7,2022-06-12T06:15:45.000Z,['RSTMH'],,"Analysing the effect of COVID on HIV treatment in Lusaka, Zambia, together with CIDRZ",UK,5000,Small Grant RSTMH,,['reca4nVHNoyYiI4iu'],,Q2,https://rstmh.org/,Small Grant RSTMH,Rejected,2022-04-23,5000,Grant,,3164,2022
recdkvekwfn92G6nS,2021-09-03T18:22:01.000Z,"['GSK', 'Novartis', 'SAMRC']",['recWdwbVGhD3X4omP'],"together with H3D, we will study the effect of african pharmacogenetics on antituberculosis drug metabolism",UK,48000,Genomic Research Approach for Diversity and Optimising Therapeutics,['Kelly Chibale'],"['recscFsco8Q40pKgH', 'recw2SShQ2Ftq2Nb2', 'recRND00BHGKVxTOP']",1,Q1,https://www.gsk.com/en-gb/media/press-releases/gsk-and-novartis-announce-collaboration-to-support-scientific-research-into-genetic-diversity-in-africa/,GRADIENT,Accepted,2021-03-29,234587,Grant,Joint grant with the H3D Centre to study the effect of PGX variants in malaria and TB metabolism,7943,2021
recdo7kq1FUu52Fze,2022-08-21T11:21:26.000Z,['OLS'],,,UK,0,Open Life Sciences Cohort 5,,['recad9LiYLMDUhDEX'],3,Q1,,OLS-5,Accepted,2022-02-01,0,Program,,,2022
recdqvgTDLgdSuXca,2023-07-31T09:00:17.000Z,['Start Small'],,Unrestricted support for the EMH,Spain,250000,Start Small,,['recFiPXnEdBRzCmtB'],,Q3,https://startsmall.llc/,Start Small,Rejected,2023-07-29,250000,Grant,,,2023
recdyvUrj1fBynBHv,2022-02-05T10:31:26.000Z,['CS&S'],['recWdwbVGhD3X4omP'],"Ersilia and the H3D Foundation are organising the following event in Cape Town ""Bringing data science and AI/ML tools to infectious disease research""",UK,600,Event Fund,['Kelly Chibale'],['reczjfxnVL2XgBBqf'],3,Q1,https://eventfund.codeforscience.org/,Event Fund,Accepted,2022-01-18,20000,Grant,Hands-on AI training for African researchers,3800,2022
receKVuhSK2skhqY4,2023-04-21T14:37:15.000Z,['LaCaixa'],,,Spain,4000,CaixaBank Accion Social,,['rec8QroLbTMyh6pKV'],3,Q2,https://www.caixabank.com/es/sostenibilidad/impacto-social-inclusion-financiera/accion-social.html,CaixaBank Accion Social,Accepted,2023-04-21,4000,Grant,Grant from La Caixa Acció Social for training underrepresented students in STEM,,2023
recf9OaJ533INtN15,2024-01-03T11:43:26.000Z,['SSRC'],,,Spain,200000,Just Tech Fellowship,,['recEILSqQSWdKxZm4'],,Q1,https://www.ssrc.org/programs/just-tech/just-tech-fellowship/,Just Tech Fellowship,Won't do,2024-01-31,200000,Program,,,2024
recfB7K0q4hhem7OB,2025-03-07T07:47:50.000Z,['IOI'],,Requires international network serving at least 5 countries,Spain,500000,IOI Fund for Network Adoption,,['recPwqhKNWpq2XhRR'],,Q2,https://investinopen.org/blog/call-for-proposals-ioi-fund-for-network-adoption/,IOI Network Adoption,To do,2025-04-30,1000000,Grant,,,2025
recfIA5PRWsIcXoHl,2022-08-21T11:20:51.000Z,['GitHub'],,We benefit from a nonprofit plan at GitHub,UK,0,GitHub Discount,,['rec1VukbtVoIQWIXt'],3,Q1,,GitHub Discount,Accepted,2021-03-01,0,In-Kind,,,2021
recfYipwnQn19tCu8,2023-07-24T09:10:25.000Z,['Splunk'],,Facilitated by Fast Forward Accelerator,UK,75000,Splunk for Non-Profits,,['recVaIRwIc53m8DoG'],3,Q1,,Splunk for Non-Profits,Accepted,2023-01-01,75000,Grant,Splunk Pledge program to support the incorporation of Splunk software in Ersilia,,2023
recg5qTcCZpCouIxQ,2025-03-07T07:30:13.000Z,['MMV'],['recVN0V0qlLkq5Qvn'],Computational support to two hits from University of Yaoundé I (Prof. Boyom),Spain,50000,MMV Discovery Project,['Fabrice Boyom'],['recpSb764HFyImbds'],,Q1,https://www.mmv.org/partnering-opportunities/22nd-call-proposals,MMV Discovery,Pending,2025-02-26,360000,Grant,,,2025
recg7zKIEV6t0JXOH,2024-09-19T22:08:29.000Z,['Ciber'],['recwDSirLcpfBaGtB'],Opportunity for Rosauro Varo (ISGlobal) to do a secondment at Ersilia. The focus is on biomarkers.,Spain,2000,Ciber Aristos,['Rosauro Varo'],['recHCKFiOWOyHP16G'],,Q3,https://www.ciberisciii.es/,Aristos,Pending,2024-09-27,8000,Grant,,,2024
rech7Z9AdnDCwwXdd,2024-01-03T14:52:42.000Z,['AEI'],,,Spain,170000,Proyecto Generación Conocimiento,,['recW4pTwfBETXehor'],,Q1,https://www.aei.gob.es/convocatorias/buscador-convocatorias/proyectos-generacion-conocimiento-2023/convocatoria-1,AECID Conocimiento,Won't do,2024-01-30,170000,Grant,,,2024
recizuv8LRl68jrUv,2024-07-01T07:27:47.000Z,['OTF'],,,Spain,,Free and Open Source Software Sustainability Fund,,['recU4z4gxGPnNWLs5'],,Q2,https://www.opentech.fund/funds/free-and-open-source-software-sustainability-fund/,OTF Sustainability Fund,To check,2025-05-01,,Grant,,,2025
recj4dCLxtLMKH58y,2024-06-17T11:52:15.000Z,['SchmidtSciences'],"['recWdwbVGhD3X4omP', 'recTU5y5Q8p0zEfg3']","Collaboration grant with Connor W. Coley
",Spain,10000,AI2050 Collaboration Fund,"['Kelly Chibale', 'Connor Coley']",['recBAvcmMa5IYoZPA'],3,Q3,https://www.schmidtfutures.org/,AI2050 Collab,Accepted,2024-08-19,30000,Grant,,,2024
recjJ4fKpEsYnrGAA,2024-01-03T14:08:36.000Z,['FBBVA'],,,Spain,40000,Beca Leonardo,,['recEc9Oo1HNlzc53Y'],,Q1,https://www.redleonardo.es/,Beca Leonardo,Rejected,2024-03-20,40000,Grant,,,2024
recjO06XAlevdFgKZ,2022-10-18T06:07:11.000Z,['MWC'],,Startup competition in the MWC,UK,0,4YFN Award,,['recsuFfjassNyIu5r'],,Q4,https://www.4yfn.com/,4YFN Award,Rejected,2022-10-18,0,Prize,,1500,2022
recjhW9x6GkyI1aZ3,2023-06-30T08:36:52.000Z,['GGF'],,Fellowship program for leadership,UK,10000,GlobalGoodFund Fellowship,,['recGAl8F0wAdGUa5c'],,Q2,https://globalgoodfund.org/fellowship-program/,GlobalGoodFund Fellowship,Rejected,2023-06-29,10000,Program,,,2023
recjrrJt3fXAOtKeW,2023-02-07T16:26:54.000Z,['Google'],,,UK,1000,Google Summer of Code,,['rec1TjXvTumME7x5L'],,Q1,https://summerofcode.withgoogle.com/,GSoC,Rejected,2023-02-07,1000,Program,,2500,2023
reck4CeptUQueui46,2021-09-03T18:18:43.000Z,['Sir Halley'],,"Formulation and evaluation of a mosquito repellent from Kenyan medicinal plants, based on ethnobotanical research aided with computational tools optimized for low-resourced settings. ",UK,41665,Medical Main Grant SHHT,,['recQhJHOZgVpH1CbM'],,Q1,http://www.sirhalleystewart.org.uk/,SHHT Main Grant,Rejected,2021-02-19,88329,Grant,,5000,2021
recknzUhvUPBIw5Vo,2021-09-03T07:55:10.000Z,['AWS'],,Promotional credits and a dedicated team of expert support,UK,0,AWS Open Data Sponsorship,,['recPonMghDrc7HY0x'],3,Q3,https://application.opendata.aws/,Open Data,Accepted,2021-08-27,0,In-Kind,,963,2021
reclBtbBgbq865o4b,2022-02-03T21:25:49.000Z,['Croda'],"['recyqorx6SHmganEh', 'recC0RfYQ7M7srYuT']",Capacity building around HIV research in Zambia and Cameroon,UK,88455,Croda Foundation Grant,"['Albert Manyasan', 'Fidele Ntie-Kang']",['recOZKDUpCgq8KzD2'],,Q1,https://www.croda.com/en-gb/sustainability/croda-foundation,Croda Foundation Grant,Rejected,2022-02-04,88455,Donation,,4000,2022
reclFym61F6eapEsF,2023-03-24T09:44:08.000Z,['HPE'],,,UK,25000,HPE Accelerating Impact,,['recx1ldLW9zSxPZqn'],3,Q3,,HPE-AI 2022,Accepted,2022-09-01,25000,Donation,,,2022
reclN8eKwRWmMCis2,2024-01-03T11:58:39.000Z,['Merck'],,,Spain,100000,Merck Research Grants,,['rec10JsGFMceYNviC'],,Q2,https://www.merckgroup.com/en/research/open-innovation/research-grants.html,Merck Research Grants,Won't do,2024-06-30,100000,Prize,,,2024
recm36w6fE77jRAJg,2022-03-31T09:52:09.000Z,['Wellcome'],['recOkNQGmTDQnmqO9'],New Chemical Entitites for Drug Resistant Infections,UK,100000,Career Development,['Beatrice Irungu'],['rec5a7vYCs5uR7K6O'],,Q1,https://wellcome.org/grant-funding/schemes/career-development-awards,Career Development,Rejected,2022-03-24,700000,Grant,,3000,2022
recmPilQkvq1PBCVJ,2023-07-24T09:11:47.000Z,['OpenInfra'],,OpenInfra Foundation Associate Membership,UK,0,OpenInfra Foundation,,['recIOJ013ibeYSLPX'],3,Q3,,OpenInfra,Accepted,2023-07-24,0,In-Kind,,,2023
recmdHye1HgMsc2D2,2024-12-10T15:04:34.000Z,['Astera'],,"Astera enables experimentation with Open Science
technologies and processes to create transformative
change in research collaboration. Miquel applied as an individual. Runs quarterly.",Spain,125000,Astera Open Science Fellowship,,['recBJNCcsIVHKQ2He'],,Q4,https://astera.org/open-science/,Astera,Rejected,2024-12-10,125000,Grant,,,2024
recmdRdtbNXwwrvrk,2024-01-02T14:45:27.000Z,['Audacious'],,"Send idea, but need contacts again.",Spain,1000000,Audacious Project,,['recgFCccNkz825cBc'],,Q1,https://www.audaciousproject.org/apply,Audacious,Won't do,2024-01-31,1000000,Program,,,2024
recmpGRvy1zZ0rDPG,2023-02-01T10:21:29.000Z,['Google'],,AMR,UK,750000,Google Tech 4 Social Good,,['rec1TjXvTumME7x5L'],,Q4,https://impactchallenge.withgoogle.com/techforsocialgood,GoogleImpact,Rejected,2022-12-21,750000,Grant,,5000,2022
recmqKyPJeDjFmH0L,2023-02-12T17:28:04.000Z,['Mulago'],,Impact Fellowship,UK,100000,Rainer Arnhold Fellowship,,['recKYcntxqXlX1xf1'],,Q1,https://www.mulagofoundation.org/rainer-fellows-program,Rainer Fellow,Rejected,2023-02-12,100000,Program,,1500,2023
recmuD0NzAQoda0VS,2021-09-03T18:09:07.000Z,['NIH'],"['recbr7eyLBoJr6ohL', 'recffUA2qCEJVC7O4']",Biomarkers of Malaria,UK,15000,R01,"['Ana Rodriguez', 'Quique Bassat']",['recwTHOQpELBDf2Qz'],,Q2,https://grants.nih.gov/grants/funding/r01.htm,R01,Rejected,2021-06-05,500000,Grant,,200,2021
recnFguJ2FeTQoDhi,2023-03-13T12:26:54.000Z,['Horizon'],,,UK,200000,HORIZON-RIA ANTIdOTE,,['recJWNVnfgJC1Slbg'],,Q4,,Horizon-RIA,Rejected,2022-12-01,5000000,Grant,,,2022
recnGoQvA4bBXWjX3,2021-09-03T18:40:40.000Z,['Fat Beehive'],,Ersilia Hub website development,UK,3470.61,Digital Funding Fat Beehive Foundation,,['recZDgIs2LM15v1fB'],,Q1,https://www.fatbeehivefoundation.org.uk/,Digital Funding,Rejected,2021-03-31,3470.61,Grant,,2000,2021
recni5cWWCU6wm232,2024-01-05T07:18:04.000Z,['C4AI'],,,Spain,0,Cohere For AI,,['recOFzjspaL9qCRCQ'],,Q2,https://txt.cohere.com/c4ai-research-grants/,C4AI,To check,2025-06-30,0,In-Kind,,,2025
recnvenbOlX0IG2FS,2021-09-03T18:14:32.000Z,['SSI'],,Software Sustainability Fellow,UK,4167,SSI Fellowship,,['reca8uFgljd1j4FfW'],,Q1,https://www.software.ac.uk/programmes-and-events/fellowship-programme,SSI Fellow,Rejected,2021-02-14,4167,Program,,0,2021
recpHlyyOmujIibK6,2024-01-03T12:28:16.000Z,['GenCat'],,,Spain,33192,Investigo 2024,,['recIV1KYRpmDRN1Jz'],,Q2,https://agaur.gencat.cat/ca/beques-i-ajuts/convocatories-per-temes/Programa-Investigo-de-contractacio-de-persones-joves-demandants-docupacio-en-la-realitzacio-diniciatives-de-recerca-i-innovacio-INVESTIGO-2024-00001,Investigo 2024,Rejected,2024-04-03,33192,Grant,,,2024
recpgc6IZjnO3bYX8,2022-08-21T11:14:25.000Z,['MIT'],,"Development of the Ersilia Record Linker, a tool for matching clinical datasets",UK,100000,Novel Measurement for Performance Improvement - MIT Solve Custom Challenge,,['rec1c0GqZaPGQXLcp'],,Q3,https://solve.mit.edu/challenges/performance-improvement,Novel Measurement for Performance Improvement MIT Solve,Rejected,2022-08-09,100000,Grant,,,2022
recphosvzd94AIh8Q,2023-06-04T00:49:52.000Z,['BMGF'],['recLAFHvPtaItnPRF'],Erick Strauss leads the application,Spain,100000,Grand Challenges ADDA Targeted Protein Degradation,['Erick Strauss'],['recXj51Yl5EHQ4ZVC'],1,Q2,,Grand Challenges ADDA,Accepted,2023-05-18,750000,Grant,Collaboration with Prof. Strauss (Stellenbosch University) on Targeted Protein Dergradation,,2023
recqCJIzV1bN8MqIN,2023-06-04T01:07:54.000Z,['AWS'],,,UK,50000,AWS ImagineGrant,,['recPonMghDrc7HY0x'],,Q2,,AWS ImagineGrant,Rejected,2023-05-28,50000,Grant,,,2023
recqm1e8MH6IEUXU4,2024-07-01T11:42:46.000Z,['LaCaixa'],,Small project to design the AI Incubator,Spain,4000,El Proyecto de Todos La Caixa Acció Social,,['rec8QroLbTMyh6pKV'],,Q3,https://fundacionlacaixa.org/es/convocatorias-sociales,El Proyecto de Todos,Rejected,2024-07-05,4000,Grant,,,2024
recrFbaXmeMkUPQyZ,2024-01-02T14:26:05.000Z,['MIT'],,AMR challenge,Spain,1000000,Trinity Challenge MIT,,['rec1c0GqZaPGQXLcp'],,Q1,https://solve.mit.edu/challenges/trinity-challenge-amr,MITSolve,Won't do,2024-02-29,1000000,Prize,,,2024
recrGWFGEHw1nDpmi,2022-08-21T11:18:51.000Z,['Oakdale'],,,UK,500,Oakdale Trust,,['recPuiszlD3eF9PAI'],3,Q2,,Oakdale Trust Donation,Accepted,2021-06-05,500,Donation,,,2021
recs1gk90xS9z5OvS,2022-09-05T15:08:36.000Z,['Merck'],['recyqorx6SHmganEh'],Development of an image-based AI tool for cervical cancer screening,UK,150000,AI for Diagnosis,['Albert Manyasan'],['rec10JsGFMceYNviC'],,Q3,https://www.merckgroup.com/en/research/open-innovation/research-grants.html,AIDiagnosis,Rejected,2022-08-31,200000,Grant,,1000,2022
recs6jzMZcLAEWnnH,2023-06-04T00:56:18.000Z,['SchmidtSciences'],"['recWdwbVGhD3X4omP', 'recVHqH93XPeLVCd9', 'recqvvDT9v9ewQusA']",,UK,150000,AI2050 Senior Fellowship,"['Kelly Chibale', 'Mike Belinsky', 'Mark Greaves']",['recBAvcmMa5IYoZPA'],1,Q2,https://www.schmidtfutures.com/,AI2050 Senior Fellowship,Accepted,2023-05-25,1000000,Grant,Fellowship awarded to Kelly Chibale (H3D Foundation) to democratise AI in Africa,,2023
recsHpdnrfTr0BlbB,2022-08-21T11:13:06.000Z,['BR'],,,UK,25000,BlackRock Employee Award,,['rec9P3jU43Lo4VGxs'],3,Q2,,Employee Award BR,Accepted,2022-05-25,25000,Donation,,,2022
recsO4M6rzH3u1ZZ9,2025-03-07T08:03:10.000Z,['BMGF'],,Standalone application from Ersilia to provide a database of hits for Klebsiella,Spain,,BMGF Innovations for Gram-Negative Antibiotic Discovery III,,['recXj51Yl5EHQ4ZVC'],,Q1,https://gcgh.grandchallenges.org/challenge/innovations-gram-negative-antibiotic-discovery,BMGF Grand Challenges,To do,2025-03-25,,Grant,,,2025
recsojGLyrEo7Tpv7,2022-11-25T12:26:27.000Z,['Google'],,"The Ersilia Model Hub
",UK,1000000,Google AI for Global Goals,,['rec1TjXvTumME7x5L'],,Q4,https://impactchallenge.withgoogle.com/globalgoals,GoogleAI,Rejected,2022-11-25,1000000,Grant,,7000,2022
recszWvQiqHGJR2vJ,2022-08-21T11:20:06.000Z,['FundOSS'],,,UK,13000,FundOSS Campaign,,['recjwZFDoPIrgECUB'],3,Q2,,FundOSS Campaign,Accepted,2021-06-15,13000,Donation,,,2021
rectGq2N3HZouG4JY,2022-04-19T21:12:26.000Z,['CZI'],,Scaling Ersilia with on-demand ML for antimicrobial research,UK,230000,Essential Open Source Software R4,,['recwc1p07vzXT0qwR'],,Q2,https://chanzuckerberg.com/eoss/,EOSS,Rejected,2022-04-19,230000,Grant,,1000,2022
rectNfVsWf8B5ERO6,2025-03-07T07:25:11.000Z,['OSCARS'],,,Spain,150000,OSCARS 2nd Call,,['recmNk9H7MGePkjOd'],,Q2,https://oscars-project.eu/open-calls,OSCARS,To do,2025-05-20,150000,Grant,,,2025
recu9YvtqasPtLz31,2021-12-01T09:56:52.000Z,['Shuttleworth'],,Fellowship for world-changing project,UK,250000,Shuttleworth Foundation Fellow,,['rec8TLkEaOZNGRBPL'],,Q4,https://shuttleworthfoundation.org/,Shuttleworth Foundation Fellow,Rejected,2021-10-15,250000,Grant,,2200,2021
recuWumbIRWo5OBiv,2024-08-28T09:05:04.000Z,['Splunk'],,"Continuation of our Splunk collaboration, now more focused on public visibility of the dashboard",Spain,75000,Splunk Data to Action,,['recVaIRwIc53m8DoG'],2,Q3,https://splunk.com,DataToAction,Accepted,2024-08-28,75000,Donation,,,2024
recuomgyGtfpRJVyJ,2021-09-03T18:56:52.000Z,['CZI'],,Ersilia: a hub of open source drug discovery models for global health,UK,250000,Essential Open Source Software Round 2,,['recwc1p07vzXT0qwR'],,Q3,https://chanzuckerberg.com/rfa/essential-open-source-software-for-science/,EOSS,Rejected,2020-08-04,250000,Grant,,1000,2020
recv3lQPxVQ1tw9js,2021-09-03T18:48:41.000Z,['BSC'],['recTXBu1UARMSBB6O'],In 2021-22 we had access to the Barcelona Supercomputing Centre,UK,0,Red Española de Supercomputación,['Patrick Aloy'],['recRoEECdF7hITsYL'],3,Q3,https://www.res.es/,RES Projects,Accepted,2021-07-13,0,In-Kind,,3189,2021
recvcsXcum9gybI0K,2024-12-01T19:07:34.000Z,,,,,1000,Rotary Club Banyoles,,['recB1ObmHqUPjWafh'],,Q2,,Rotary Club,Accepted,2023-05-31,1000,Donation,,,2023
recwAEnF0fP19Dz1z,2023-02-01T10:27:53.000Z,['LSE100X'],,,UK,150000,100X Impact Accelerator,,['recj7Ph0J9qGlSHdq'],,Q1,https://www.100ximpact.org/,LSE100X,Rejected,2023-03-03,150000,Program,,1500,2023
recwoDuRGthGZ8zeQ,2023-10-27T13:30:59.000Z,['CZI'],['recUSzvVzX2dT5RYx'],,Spain,20000,CZI Essential Open Source Software,['Benoit Laleu'],['recwc1p07vzXT0qwR'],,Q4,,EOSS-MMV,Rejected,2023-10-16,400000,Grant,,,2023
recx0fP2FrFdWGWDS,2024-05-07T22:39:21.000Z,['UniBe'],"['recyqorx6SHmganEh', 'rec26ED6ZTAG026L9']",In collaboration with Kati Taghavi and Albert Manasyan,Spain,100000,Supplement AI CaCx,"['Albert Manyasan', 'Kati Taghavi']",['rec2xGpQ8kmSaRKOR'],,Q1,,CaCx AI,Rejected,2024-03-25,125000,Grant,,,2024
recxTl5sViR5piIeN,2022-03-31T09:50:45.000Z,['MIT'],,The Ersilia Model Hub,UK,10000,Equitable Health Systems - MIT Solve Global Challenges,,['rec1c0GqZaPGQXLcp'],,Q1,https://solve.mit.edu/challenges/equitable-health-systems,Equitable Health Systems MIT Solve,Rejected,2022-03-31,10000,Grant,,5000,2022
recxYzAOubcboumWW,2024-01-02T14:33:11.000Z,['YC'],,,Spain,100000,Y Combinator,,['recjYQiIVFJPSEGHA'],,Q2,https://www.ycombinator.com/,YC,Won't do,2024-04-22,100000,Program,,,2024
recxfRrsjHPQ82niP,2024-10-04T06:43:46.000Z,['Kyndryl'],['reckURaDTHhowAPks'],Collaboration with Migracode,Spain,50000,Kyndryl Foundation Catalyst Grant,['Hugo Martínez Jiménez'],['recDUcNPALXBInopu'],,Q4,https://www.kyndryl.org/us/en/grant-criteria,Kyndryl Foundation,Rejected,2024-10-11,50000,Grant,,,2024
recyAEHqq9dvKaUdN,2021-09-03T17:33:32.000Z,['CS&S'],['recF6Mhn2AMslep8p'],Digital Infrastructure Incubator for the Ersilia Model Hub,UK,5000,Digital Infrastructure Incubator,['Rayya el Zein'],['reczjfxnVL2XgBBqf'],3,Q3,https://incubator.codeforscience.org/,DII,Accepted,2021-08-17,5000,Program,Participation in the DII for open source projects and communities,1000,2021
recyL6Xgho5a65e2x,2023-02-01T10:27:47.000Z,['Echoing Green'],,,UK,80000,Echoing Green Fellwoship,,['recjfOwwI6c3Ehs7N'],,Q1,https://echoinggreen.org/fellowship/,Echoing Green,Rejected,2023-02-07,80000,Program,,4500,2023
recysQkdyZYcsY95m,2024-10-16T13:39:59.000Z,['Horizon'],,,,0,COST Action,,['recJWNVnfgJC1Slbg'],,Q4,,COST,Pending,2024-10-18,,Grant,,,2024
reczEIoVJPRktodl4,2024-06-11T07:34:14.000Z,['Mozilla'],,LLM-based interface to Ersilia Model Hub,Spain,77000,Mozilla Builders Accelerator,,['recxOjwRh7twpWN25'],1,Q3,https://future.mozilla.org/builders/,Mozilla Builders,Accepted,2024-07-08,77000,Grant,,,2024
reczMJsLjCHT3eNE0,2024-01-02T14:22:36.000Z,['LaCaixa'],,Research grant,Spain,50000,Caixa Impulse,,['rec8QroLbTMyh6pKV'],,Q1,https://caixaresearch.org/en/caixaimpulse-health-innovation-call,CaixaImpulse,Rejected,2024-02-22,50000,Grant,,,2024
reczlsrNalO5ZRIz6,2024-04-03T10:37:02.000Z,['FAIR-IMPACT'],,"To improve software annotation
",Spain,6000,Assessing and improving Research Software,,['recWsp03uZkpbplbT'],3,Q2,https://fair-impact.eu/support-offer-1-assessment-and-improvement-research-software,Fair-Impact#1,Accepted,2024-04-05,6000,Grant,,,2024
