id,createdTime,Acronym,Classification,Community,Conferences,Contacts,Country,Events,Focus Areas,Focus Region,Grants,Name,Opportunites,Projects,Relevance,Type,Website
rec0BI2reMCAdfQDI,2023-12-08T10:11:50.000Z,A4ID,Funder,,,,['recRkrT82pvICtRCC'],,['Nonprofits'],['International'],['rec68qsIwzz5IPkjo'],Advocates for International Development,['In-kind'],,2,Nonprofit,https://www.a4id.org/
rec0R9MDPPi8vG2Dy,2023-12-08T12:01:54.000Z,AccessNow,Network,,,,['recK7jcLjFhUCtCFP'],['recqAgPMvQ32BOVG5'],['Tech'],['International'],,AccessNow,['Conference'],,2,Nonprofit,https://www.accessnow.org/
rec0ZhfVY8JmpZ5Rj,2023-12-08T09:27:44.000Z,Wistar,Collaborator,,,['recdX55bEJ3kBSzr7'],['recK7jcLjFhUCtCFP'],['recWPdbkcYDSq6VeP'],['Science'],['International'],,Wistar Institute,['Publication'],"['rec0B8iVMqENJ33Jb', 'rec0bS6UOHbvEtMpY']",2,Academia,https://wistar.org/
rec0aBdsxiuE1diUT,2023-12-08T08:58:26.000Z,SFF,Funder,,,,['recK7jcLjFhUCtCFP'],,['Tech'],['International'],,Survival and Flourishing Fund,['Donation'],,1,Foundation,https://survivalandflourishing.fund/
rec0tndU7a8eVgz1h,2023-12-08T08:58:26.000Z,EuropeanAI,Funder,,,,['recp211DQg6PMJmgp'],,['Tech'],['Europe'],['rec9JC7iGfm1fl15s'],European AI Fund,['Grants'],,1,Foundation,https://europeanaifund.org/
rec10JsGFMceYNviC,2023-12-08T08:58:26.000Z,Merck,Funder,,,"['recZMQ5Ec3S4QrBxQ', 'rec0pLHPbGs8JPkAV', 'recglKYRWfgKRg0Wq']",['rec09pnHpHhsbuFmH'],,"['Healthcare', 'Science']",['International'],"['rec0giKF865hzfShG', 'recYU8XKQvJARUXQL', 'recs1gk90xS9z5OvS', 'reclN8eKwRWmMCis2', 'recHisbDaaUvd1BW1']",Merck KGaA,['Grants'],,2,Pharma,https://www.merckgroup.com/en
rec1IeZ9dLbp0jAht,2023-12-08T11:44:55.000Z,Verena,Collaborator,,,['recxpQ3p5LvuITvEI'],['recK7jcLjFhUCtCFP'],['reckRJWP3ZATsLj6e'],['Science'],"['International', 'Subsaharan Africa']",,Viral Emergence Research Initiative,"['Publication', 'Data']",,2,Academia,https://www.viralemergence.org/
rec1O2nLVwKX2ZMht,2023-12-08T10:11:50.000Z,Atlassian,Funder,"['rec8oX8oJ4avGslNP', 'rectGcjPtdlqvFCEG', 'recXFloSSr839ZXx5']",,,['recK7jcLjFhUCtCFP'],,['Nonprofits'],['International'],['rec0CHcBREHQxay4E'],Atlassian Foundation,"['In-kind', 'Volunteers']",,1,Corporate,https://www.atlassianfoundation.org/
rec1TjXvTumME7x5L,2023-12-08T08:58:26.000Z,Google,Funder,,,"['rec4GGXIAs0pAnkUC', 'recwEOSJG4VqdshJS', 'recMhb9oumKX8y4pM', 'recweKIcDGN9hJuUa', 'rece0WCTtmts1hyhF']",['recK7jcLjFhUCtCFP'],,['Tech'],['International'],"['recFOCovHanCEB14A', 'recbDU2pCnmuWLOFy', 'recsojGLyrEo7Tpv7', 'recmpGRvy1zZ0rDPG', 'recjrrJt3fXAOtKeW']",Google,"['Grants', 'In-kind', 'Volunteers']",,3,Corporate,https://google.org/
rec1VukbtVoIQWIXt,2023-12-08T09:58:24.000Z,GitHub,Funder,"['rec91awbRNiyp7wfS', 'reco8u7bIlJTgoDh0', 'rec2WQ7LkLh0wUKAg', 'recutuxgG4Ix2lQoN', 'reczlDQpV5a7yeWK2', 'recvUprejpqUNDQpt', 'recm2QzzCp8DSYF54', 'recY4zK7SvE6ZYFHD', 'recx17ZJwZ17kp2pv', 'recqpsgMww82dsf3A', 'rec8CCkLc89hiFVrq']",,"['recLUiHr7V1NEcBxw', 'recyQVzpxPr8jZk8n']",['recK7jcLjFhUCtCFP'],,['Tech'],['International'],"['recfIA5PRWsIcXoHl', 'recPnFXvKBXobLeBg', 'recXrwVFwCa8HrArv']",GitHub,"['Volunteers', 'In-kind', 'Prize']",,2,Corporate,https://github.com
rec1a5wCBLEUlySyD,2023-12-08T08:58:26.000Z,CTIA,Funder,,,['recVg22hPmYM0tKIA'],['recK7jcLjFhUCtCFP'],,['Tech'],['International'],,CTIA Wireless Foundation,"['In-kind', 'Donation']",,1,Corporate,https://www.wirelessfoundation.org/
rec1c0GqZaPGQXLcp,2023-12-08T08:58:26.000Z,MIT,Collaborator,,,['recTU5y5Q8p0zEfg3'],['recK7jcLjFhUCtCFP'],,"['Science', 'Healthcare', 'Tech']",['International'],"['recxTl5sViR5piIeN', 'recpgc6IZjnO3bYX8', 'recrFbaXmeMkUPQyZ']",Massachusetts Institute of Technology ,['Grants'],,2,Academia,https://www.mit.edu/
rec1hs07aGXHzsMc9,2023-12-08T08:58:26.000Z,Deloitte,Funder,,,"['recibthOzSvzsmsi8', 'rec6KvjVctU7UCU9T', 'recyadbYe3FhoE1bk']",['recK7jcLjFhUCtCFP'],,['Tech'],['International'],,Deloitte,"['In-kind', 'Volunteers']",,1,Corporate,https://www2.deloitte.com/global/en.html?icid=site_selector_global
rec28hfkjglix2TVt,2023-12-08T12:24:43.000Z,FOSDEM,Network,,,,['recp211DQg6PMJmgp'],"['recS4un3zn66aL3SU', 'recjaTXwW1Cc6KxOH']",['Tech'],['Europe'],,FOSDEM,['Conference'],,1,Nonprofit,https://fosdem.org/2024/
rec2K6P1RbUcvyvSz,2023-12-08T08:58:26.000Z,BoozAllen,Funder,,,,['recK7jcLjFhUCtCFP'],,"['Healthcare', 'Education']",['International'],,Booz Allen Foundation,['Grants'],,2,Foundation,https://boozallenfoundation.org/index.php/about-us/
rec2Mowoszqz1AbGd,2024-09-06T07:12:20.000Z,AMNet,Funder,,,,,,['Education'],['Subsaharan Africa'],['recNEhSH9TSrDJ7XV'],AMNet,['Grants'],,1,Foundation,https://ammnet.org/
rec2P1O7i7qwy0zwe,2023-12-08T09:44:12.000Z,OSM,Collaborator,,,['recFDXERsLP4dZUSX'],['recRkrT82pvICtRCC'],['recXT2JkWTi5aPuw0'],['Science'],['International'],,Open Source Malaria,['Publication'],"['recHZzQUQ1VVrr3ZP', 'recFPjDt6JvRFOfDz']",3,Nonprofit,https://opensourcemalaria.org/
rec2ZhRb2E1t6NvMt,2024-08-06T07:24:11.000Z,IDIBELL,Network,,,['recECm8fTow3zx3gR'],['recwRneScH1rtvqIS'],,"['Science', 'Healthcare']",['International'],,Bellvitge Institute of Biomedical Research,['Publication'],,1,Academia,https://idibell.cat/
rec2xGpQ8kmSaRKOR,2024-05-07T22:42:50.000Z,UniBe,Collaborator,,,['rec26ED6ZTAG026L9'],['rec4R0jfQw61IswGM'],,['Science'],['International'],['recx0fP2FrFdWGWDS'],University of Bern,['Publication'],,2,Academia,https://www.unibe.ch/
rec43VcSlu5JJTWzG,2024-01-03T09:19:27.000Z,data.org,Funder,,,,['recK7jcLjFhUCtCFP'],,['Tech'],['International'],,Data.org,['Grants'],,2,Nonprofit,https://data.org/
rec4pp3YOfIXkqSs6,2023-12-08T09:43:57.000Z,CEMM,Collaborator,,,['rec8eoc0jS4e8G5vH'],['rec9JJK2fOcBFal2Z'],,['Science'],['Europe'],,CeMM Research Center for Molecular Medicine,['Publication'],['recxg7j4bL0woseQt'],1,Academia,https://cemm.at/
rec4vhA2YOrdU3dtl,2023-12-08T09:41:54.000Z,UY-I,Collaborator,,,['recVN0V0qlLkq5Qvn'],['recRzDwbpgX10xxXJ'],,['Science'],['Subsaharan Africa'],,University of Yaoundé I,['Publication'],,3,Academia,https://uy1.uninet.cm/
rec5ESNI3HnDoPf2K,2023-12-08T08:58:26.000Z,GSK-TCOLF,Funder,,,['recU5pDdlIKznlLxq'],['recwRneScH1rtvqIS'],,"['Science', 'Healthcare']",['International'],['recEL1ldNlfThcNrQ'],GSK-Tres Cantos Open Lab Foundation,['Grants'],,3,Pharma,https://www.openlabfoundation.org/
rec5EsILDAfurtpu5,2023-12-08T08:58:26.000Z,SandHill,Funder,,,,['recK7jcLjFhUCtCFP'],,['Education'],['North America'],,Sand Hill Foundation,['Volunteers'],,1,Foundation,https://sandhillfoundation.org/
rec5HDjTsSizE9md3,2024-02-22T15:50:15.000Z,IOI,Collaborator,,,['recvkxbqbKUUGuDNI'],['recRkrT82pvICtRCC'],['recOzANfpUsWO9GDB'],['Science'],['International'],,Ineos Oxford Institute,['Publication'],,,Academia,https://www.ineosoxford.ox.ac.uk/
rec5a7vYCs5uR7K6O,2023-12-08T08:58:26.000Z,Wellcome,Funder,,,,['recRkrT82pvICtRCC'],,"['Healthcare', 'Science']",['Subsaharan Africa'],"['recT3XLmcmd0k90v0', 'recm36w6fE77jRAJg']",Wellcome Trust,['Grants'],,3,Government,https://wellcome.org/
rec61X6lEI4M8VTpx,2023-12-08T12:00:17.000Z,Sisonke,Collaborator,,,,['recRQg6CKP5JbtGhK'],['recaXNEsqgUxQxb5u'],"['Science', 'Tech']",['Subsaharan Africa'],,Sisonke Biotik,"['Publication', 'Data', 'Conference']",,2,Nonprofit,https://www.sisonkebiotik.africa/
rec6Gl8XMWflj07LZ,2023-12-08T08:58:26.000Z,Rosetrees,Funder,,,,['recRkrT82pvICtRCC'],,['Science'],['Europe'],['recChlX0abLsPXo1H'],Rosetrees Trust,['Grants'],,2,Foundation,https://rosetreestrust.co.uk/
rec6HAS4TWc56ffpF,2024-01-06T20:35:58.000Z,CEAB,Network,,,['recPXJI1JRlKrHZjS'],['recwRneScH1rtvqIS'],['recTaQtsWKpTEExpd'],['Science'],['International'],,Centre d'Estudis Avançat Blandes,['Publication'],,1,Academia,https://www.ceab.csic.es/en/
rec6WIcYHxK1TGncd,2023-12-08T08:58:26.000Z,JHB-PH,Network,,,['recMnBV1mboeq7oo3'],['recK7jcLjFhUCtCFP'],,['Healthcare'],"['International', 'Subsaharan Africa']",,John Hopkins - Bloomberg School of Public Health,['Donation'],,1,Academia,https://publichealth.jhu.edu/
rec6t4JipoZpYtoYl,2024-09-26T22:06:25.000Z,Expert Systems Inc,Network,,,['recfkSTDtt0SnXqFW'],['recK7jcLjFhUCtCFP'],,['Science'],['International'],,Expert Systems Inc,['Publication'],,1,Pharma,
rec6wQKj5Lfive1Qa,2024-05-11T11:50:24.000Z,IRL,Funder,,,,['recwRneScH1rtvqIS'],,['Education'],['Spain'],['recG17nBCqKxgfKdE'],Institut Ramon Llull,['Grants'],,1,Foundation,https://www.llull.cat/english/home/index.cfm
rec7o6VrtZle0t7wn,2023-12-08T11:51:45.000Z,UNAM,Collaborator,,,,['rec45gNIgxStxBW0b'],['recGjKK84K2d4eBuA'],['Science'],['Central America'],,Universidad Nacional Autónoma de México,['Publication'],,2,Academia,https://www.unam.mx/
rec7vrPXNV2i1r3uf,2023-12-08T08:58:26.000Z,Guggenheim,Funder,,,,['recK7jcLjFhUCtCFP'],,"['Education', 'Diversity', 'Nonprofits']",['International'],,Guggenheim Partners Network for Social Innovation,['Grants'],,2,Corporate,https://www.guggenheimpartners.com/firm/news/guggenheim-2022-nsi-cohorts-applications
rec8QroLbTMyh6pKV,2023-12-08T08:58:26.000Z,LaCaixa,Funder,['recUiaOF7rrbkeXCZ'],,,['recwRneScH1rtvqIS'],,"['Science', 'Education', 'Healthcare']",['International'],"['receKVuhSK2skhqY4', 'recYik8XnXC4XZzcB', 'reczMJsLjCHT3eNE0', 'recNNYCx1kpTfWCG1', 'recqm1e8MH6IEUXU4']",La Caixa,['Grants'],,3,Foundation,https://fundacionlacaixa.org/
rec8TLkEaOZNGRBPL,2023-12-08T10:11:50.000Z,Shuttleworth,Funder,,,,['recRQg6CKP5JbtGhK'],,"['Tech', 'Science', 'Healthcare']",['Subsaharan Africa'],['recu9YvtqasPtLz31'],Shuttleworth Foundation,['Grants'],,1,Foundation,https://www.shuttleworthfoundation.org/
rec8aTcwvLhHNhft6,2023-12-08T08:58:26.000Z,Skoll,Funder,,,,['recK7jcLjFhUCtCFP'],,['Nonprofits'],['International'],,Skoll Foundation,['Donation'],,2,Foundation,https://skoll.org/
rec9P3jU43Lo4VGxs,2023-12-08T08:58:26.000Z,BR,Funder,['recRurk1pjpcqrIsj'],,,['recK7jcLjFhUCtCFP'],,['Nonprofits'],['International'],['recsHpdnrfTr0BlbB'],BlackRock,['Donation'],,1,Corporate,https://www.blackrock.com/corporate/sustainability
rec9hKTXZO5B6msns,2023-12-08T11:27:39.000Z,UC Davis,Network,['rec6rcAVm9RKida5q'],,['recFLR2wJqRONGodQ'],['recK7jcLjFhUCtCFP'],,"['Healthcare', 'Education']",['North America'],,University of Californa Davis,['Volunteers'],,2,Academia,https://www.ucdavis.edu/
recAMQeRrJbJsVxjA,2023-12-08T12:25:13.000Z,RESA,Network,,,,['recK7jcLjFhUCtCFP'],,['Tech'],['International'],,Research Software Alliance,['Conference'],,1,Nonprofit,https://www.researchsoft.org/
recANJMRBGQfTiorU,2023-12-08T08:58:26.000Z,Helmholtz - HZI,Collaborator,,,['recJF1UHquCLvbYbe'],['rec09pnHpHhsbuFmH'],,['Science'],['Subsaharan Africa'],,Helmholtz Centre for Infectious Research,"['Publication', 'Data']",,2,Academia,https://www.helmholtz-hzi.de/en/
recBAvcmMa5IYoZPA,2023-12-08T08:58:26.000Z,SchmidtFutures,Funder,,,"['recqvvDT9v9ewQusA', 'recVHqH93XPeLVCd9']",['recK7jcLjFhUCtCFP'],,"['Tech', 'Education', 'Healthcare', 'Science']",['International'],"['recs6jzMZcLAEWnnH', 'recj4dCLxtLMKH58y']",Schmidt Futures,['Grants'],,3,Foundation,https://www.schmidtfutures.com/
recBHA9YvoxIf0ab6,2023-12-08T09:43:11.000Z,DNDi,Collaborator,,,"['recixaVT7g6FzfNDq', 'rec6sWSwDyXXbkodL']",['rec4R0jfQw61IswGM'],,['Science'],['Subsaharan Africa'],,Drugs for Neglected Diseases Initiative,['Publication'],,3,Nonprofit,https://dndi.org/
recBTbDLUi5epOsih,2024-08-23T07:37:21.000Z,NVIDIA,Funder,,,,['recK7jcLjFhUCtCFP'],,['Tech'],['International'],['rec2RCUANZN2K4KP4'],NVIDIA,"['In-kind', 'Grants']",,1,Corporate,https://www.nvidia.com/
recBXkWvz62oARNZW,2023-12-08T08:58:26.000Z,OP,Funder,,,,['recK7jcLjFhUCtCFP'],,['Science'],['International'],['recTKIB88ifq189mq'],Open Philanthropy,['Donation'],,2,Foundation,https://www.openphilanthropy.org/
recBbVoObgZpqc8Io,2023-12-08T09:42:57.000Z,NEU,Collaborator,,,,['recK7jcLjFhUCtCFP'],,['Science'],['North America'],,Northeastern University,['Publication'],,2,Academia,https://www.northeastern.edu/
recBvu6ckss73YuCL,2023-12-08T08:58:26.000Z,MSD,Funder,,,['rectGX4tAUt3FYL1Z'],['recwRneScH1rtvqIS'],,"['Healthcare', 'Science']",['International'],['recbPheNTgrC9XnGo'],Merck Sharp and Dome,"['Grants', 'Data']",,2,Pharma,https://www.msd.es/
recC0J05vOi7psFFo,2023-12-08T08:58:26.000Z,SwissTPH,Collaborator,,,"['recbxLObEnF49BVUc', 'recjai1OjnyOhbFhA']",['rec4R0jfQw61IswGM'],,"['Science', 'Healthcare']",['Subsaharan Africa'],,Swiss Tropical and Public Health Institute,"['Publication', 'Data']",,3,Academia,https://www.swisstph.ch/en/
recC6WXykhvj0E6Ev,2024-02-22T13:51:55.000Z,NMAISC,Collaborator,,,['recZNfNal5ZsjOMxd'],['recrjemEAIehPfiGm'],,['Science'],['Subsaharan Africa'],,The Nelson Mandela African Institute of Science and Technology,['Publication'],,1,Academia,https://nm-aist.ac.tz/
recCHQEhaT3GoIBX1,2024-05-29T02:46:18.000Z,ERA4TB,Network,,,['recfyFImZWb3fuH1J'],['recp211DQg6PMJmgp'],,['Science'],['International'],,ERA4TB,['Consulting'],,2,Pharma,https://era4tb.org/
recCWIMNDg9vNPsfg,2024-01-02T14:52:49.000Z,LacunaFund,Funder,,,,['recK7jcLjFhUCtCFP'],,['Healthcare'],['Subsaharan Africa'],['recGnN305zvScIOny'],Lacuna Fund,['Grants'],,3,Foundation,https://lacunafund.org/health/
recCpuN6xZhuvUw96,2023-12-08T08:58:26.000Z,PREr,Network,,,['recNphcCP0BSab1JL'],['recK7jcLjFhUCtCFP'],,"['Science', 'Diversity']",['International'],,PREreview,['Volunteers'],,1,Nonprofit,https://prereview.org/
recCsn3ga7AWQPMOe,2023-12-08T11:59:01.000Z,TU-Dresden,Network,,,,['rec09pnHpHhsbuFmH'],['recIa2hIviY9fgCnJ'],['Science'],['Europe'],,Technische Universität Dresden,"['Publication', 'Conference']",,1,Academia,https://tu-dresden.de/
recDUcNPALXBInopu,2024-10-04T06:44:33.000Z,Kyndryl,Funder,,,,['recK7jcLjFhUCtCFP'],,"['Tech', 'Education']","['Europe', 'North America']",['recxfRrsjHPQ82niP'],Kyndryl Foundation,['Grants'],,2,Foundation,https://kyndryl.org
recDjmp1sdTYcHOqm,2023-12-08T08:58:26.000Z,DO,Funder,"['reczNhRsYmWaTlpKR', 'recyCMXd39VnNARff', 'rech9tBa7MyfWaz6h', 'recwpOSq2zbECGM1t']",,"['rec3z00szo40TMMvV', 'recuOac5HfYrA6Og0']",['recK7jcLjFhUCtCFP'],,['Tech'],['International'],"['recDdglZpMdKw2i8k', 'recMoIZyxpbxyAWQW']",Digital Ocean,['Donation'],,2,Corporate,https://www.digitalocean.com/
recE1vpy5mkCBkWDQ,2023-12-08T10:11:50.000Z,Airtable,Funder,,,,['recK7jcLjFhUCtCFP'],,"['Tech', 'Nonprofits']",['International'],['recLAs4hqMjJlOlMT'],Airtable,['In-kind'],,2,Corporate,https://airtable.com
recEILSqQSWdKxZm4,2024-01-03T11:46:31.000Z,SSRC,Funder,,,,['recK7jcLjFhUCtCFP'],,['Tech'],['International'],['recf9OaJ533INtN15'],Social Science Research Council,['Grants'],,2,Foundation,https://www.ssrc.org/
recEc9Oo1HNlzc53Y,2024-01-03T14:08:51.000Z,FBBVA,Funder,,,,['recwRneScH1rtvqIS'],,['Science'],['Spain'],['recjJ4fKpEsYnrGAA'],Fundación BBVA,['Grants'],,2,Foundation,https://www.fbbva.es/
recEf0VoAOz6arG5O,2023-12-08T10:11:50.000Z,Monday.com,Funder,,,,['recK7jcLjFhUCtCFP'],,"['Tech', 'Nonprofits']",['International'],['rec9LG7yo2EC1mPHy'],Monday.com,['In-kind'],,2,Corporate,https://monday.com/
recEltMeIRiLnQaCG,2024-02-07T12:42:10.000Z,Bridgespan,Network,,,,['recK7jcLjFhUCtCFP'],,['Nonprofits'],['International'],,Bridgespan,['Consulting'],,2,Foundation,https://www.bridgespan.org/
recEpdBkCFGua22mJ,2023-12-08T11:53:38.000Z,Reading,Collaborator,,,['recw6x2uSIweNSrdb'],['recRkrT82pvICtRCC'],"['rec7aeyRjmMr7lN2v', 'recce7s7KN49nJnZK']",['Science'],['Europe'],,University of Reading ,['Publication'],,1,Academia,https://www.reading.ac.uk/
recF8FMKW5a8pNDd0,2023-12-08T11:52:50.000Z,AfricaBio,Network,,,,['recRQg6CKP5JbtGhK'],['rectjPttzJJ7QtVa8'],"['Science', 'Tech']",['Subsaharan Africa'],,AfricaBio,['Publication'],,1,Nonprofit,https://www.africabio.com/
recFiPXnEdBRzCmtB,2023-12-08T10:11:50.000Z,Start Small,Funder,,,,['recK7jcLjFhUCtCFP'],,['Healthcare'],['International'],['recdqvgTDLgdSuXca'],Start Small Foundation,['Grants'],,1,Foundation,https://startsmall.llc/
recFu4ZUaVnA0GZfX,2023-12-08T11:30:50.000Z,Ersilia,Network,"['recRbPDMRtxZLdcGj', 'recLZbmJVAqs3sfvw', 'recN1H21eJnsjhSlO', 'recA2bm6jQvcZAY00', 'rec18jBZQ4Q05JmLW', 'recGlN1xZBf5VQPvL']",,,"['recwRneScH1rtvqIS', 'recRkrT82pvICtRCC']",,"['Science', 'Tech', 'Education']","['Subsaharan Africa', 'South America']",,Ersilia Open Source Initiative,"['Publication', 'Volunteers', 'Data']",,3,Nonprofit,https://ersilia.io
recGAl8F0wAdGUa5c,2023-12-08T08:58:26.000Z,GGF,Funder,,,,['recK7jcLjFhUCtCFP'],,"['Education', 'Tech', 'Science', 'Healthcare']",['International'],['recjhW9x6GkyI1aZ3'],Global Good Fund Fellowship,['Grants'],,3,Foundation,https://globalgoodfund.org/fellowship/fellowship-program/
recGf3xW7uJyKhkdx,2023-12-08T08:58:26.000Z,DRK,Funder,,,,['recK7jcLjFhUCtCFP'],,['Nonprofits'],['International'],,Draper Richards Kaplan Foundation,['Grants'],,3,Foundation,https://www.drkfoundation.org/
recHCKFiOWOyHP16G,2024-09-19T22:09:21.000Z,Ciber,Funder,,,,['recwRneScH1rtvqIS'],,"['Healthcare', 'Science']",['Europe'],['recg7zKIEV6t0JXOH'],Centro de Investigación Biomédica en Red,['Grants'],,1,Academia,https://www.ciberisciii.es/
recHDDAsfAyNmLxJS,2023-12-08T08:58:26.000Z,WCAIR,Collaborator,,,"['reciLwanKy8gyoUO9', 'recx9Jy0M4R8qGiDv']",['recRkrT82pvICtRCC'],,"['Healthcare', 'Science']",['International'],,WCAIR - Dundee,"['Publication', 'Data']",,3,Academia,https://wcair.dundee.ac.uk/
recI6T5oljwjLYugV,2024-02-22T13:48:16.000Z,KNUST,Collaborator,,,['recsmbEyrnRJ9RK1a'],['recR0UMr1OO5Glynp'],,['Science'],['Subsaharan Africa'],,Kwame Nkrumah University of Science and Technology,['Publication'],,,Academia,https://www.knust.edu.gh/
recIAct5PvIc4ucDu,2023-12-08T11:24:00.000Z,UOC,Network,['recWEbpzIxgUCEXSF'],,,['recwRneScH1rtvqIS'],,['Science'],['Europe'],,Universitat Oberta de Catalunya,['Volunteers'],,1,Academia,https://uoc.edu
recIOJ013ibeYSLPX,2023-12-08T10:11:50.000Z,OpenInfra,Funder,,,,['recK7jcLjFhUCtCFP'],,['Tech'],['International'],['recmPilQkvq1PBCVJ'],OpenInfra Foundation,"['In-kind', 'Conference']",,1,Foundation,https://openinfra.dev/
recIV1KYRpmDRN1Jz,2024-01-03T12:28:40.000Z,GenCat,Funder,['recqK3w4ULnEIER4e'],,,['recwRneScH1rtvqIS'],,['Science'],['Spain'],['recpHlyyOmujIibK6'],Generalitat de Catalunya,['Grants'],,2,Government,https://web.gencat.cat/ca/inici
recIhoa2h1KYYN7Ou,2023-12-08T08:58:26.000Z,LiquiDonate,Funder,,,['recR7qJTSrXCzmYRs'],['recK7jcLjFhUCtCFP'],,['Nonprofits'],['International'],,LiquiDonate,['Material'],,1,Foundation,https://liquidonate.com/
recIvR4F9DEE7auhV,2023-12-08T08:58:26.000Z,EA,Funder,,,,['recK7jcLjFhUCtCFP'],,"['Healthcare', 'Tech']",['International'],,Effective Altruism,['Donation'],,2,Foundation,https://funds.effectivealtruism.org/
recJE9JWkXOrJkQC9,2023-12-08T11:46:05.000Z,Pistoia,Network,,,,['recK7jcLjFhUCtCFP'],['recTQbtw7DL31uYTM'],"['Science', 'Healthcare']",['North America'],,Pistoia Alliance,['Data'],,1,Nonprofit,https://www.pistoiaalliance.org/
recJPK8qAaalPbjxJ,2023-12-08T08:58:26.000Z,Cranfield,Network,,,['recXQmuCmgKVSvr1k'],['recRkrT82pvICtRCC'],,['Nonprofits'],['Europe'],['recGbSwg0L9NZq1dx'],Cranfield Trust,['In-kind'],,1,Foundation,https://cranfieldtrust.org
recJQEo4tjYymvage,2023-12-08T09:43:22.000Z,UP,Collaborator,,,"['recImJOgau1kwEI2S', 'recY95dmBGkn29o61', 'recnjHcHkZQLcaUoT']",['recRQg6CKP5JbtGhK'],['recA6HMjEKGJgzxMB'],['Science'],['Subsaharan Africa'],,University of Pretoria,['Publication'],['recLf6O4SVbuTl9A6'],3,Academia,https://www.up.ac.za/
recJWNVnfgJC1Slbg,2023-12-08T08:58:26.000Z,Horizon,Funder,,,,['recp211DQg6PMJmgp'],,['Science'],"['International', 'Europe']","['recSv9xCoFDAOxiUB', 'recnFguJ2FeTQoDhi', 'recKTjHKUaNurO2jA', 'rec4psXj10okMhTdH', 'recysQkdyZYcsY95m']",HorizonEurope,['Grants'],,3,Government,https://research-and-innovation.ec.europa.eu/funding/funding-opportunities/funding-programmes-and-open-calls/horizon-europe_en
recJkOJuLMjKSr76o,2023-12-08T10:11:50.000Z,AwesomeFoundation,Funder,,,,['recK7jcLjFhUCtCFP'],,['Nonprofits'],['International'],"['rec73g7Cc1CyBB0pu', 'recKTJ756kvk1BmLo']",Awesome Foundation,['Grants'],,1,Foundation,https://www.awesomefoundation.org/en
recKJluJrJDlbEKII,2023-12-08T09:44:22.000Z,UG,Collaborator,,,['reczmvGQ0nNME0JmK'],['recR0UMr1OO5Glynp'],,['Science'],['Subsaharan Africa'],,University of Ghana,['Publication'],,3,Academia,https://www.ug.edu.gh/
recKN0PHUAp2dcCd4,2023-12-08T08:58:26.000Z,MRC-Gambia,Collaborator,,,['recPMqyhHcm8KOdWH'],['recOxXResHgTBXuOY'],,['Healthcare'],['Subsaharan Africa'],,MRC The Gambia,['Publication'],,3,Academia,https://www.mrc.gm/
recKYcntxqXlX1xf1,2023-12-08T08:58:26.000Z,Mulago,Funder,,,['recLdMh12KTcIC7OP'],['recK7jcLjFhUCtCFP'],,"['Education', 'Healthcare', 'Diversity']",['International'],"['recmqKyPJeDjFmH0L', 'recItUKz5tSIkgTNE']",Mulago Foundation,['Grants'],,3,Accelerator,https://www.mulagofoundation.org/how-we-fund
recKqJBXTck4ZQuww,2023-12-08T11:29:18.000Z,Momo,Network,['rec9BlSEkCJlp7awK'],,,['recZFPUBhKNOV2lm9'],,"['Tech', 'Nonprofits']",['International'],,Momo Central,['Volunteers'],,1,Corporate,https://momocentral.com/
recKti51ORbbnBijp,2023-12-08T08:58:26.000Z,UG,Collaborator,,,['recOa7WZ9DrrUYunS'],['rec7nPBGCo6VKUxhT'],['reckywfsewlOQxWNW'],['Science'],['South America'],,Universidade de Goias,['Publication'],['recKVPsezv5sK9kpM'],2,Academia,https://www.ufg.br/
recNzzYl5w19ZuZSg,2023-12-08T09:42:17.000Z,ARHIH,Collaborator,,,,['recRzDwbpgX10xxXJ'],,['Science'],['Subsaharan Africa'],,Advanced Research and Health Innovation Lab,['Publication'],,3,Academia,https://www.arhih.cm/
recOFzjspaL9qCRCQ,2024-01-05T07:18:45.000Z,C4AI,Funder,,,,['recK7jcLjFhUCtCFP'],,['Tech'],,['recni5cWWCU6wm232'],Cohere For AI,['Grants'],,2,Corporate,https://txt.cohere.com/
recOZKDUpCgq8KzD2,2023-12-08T10:11:50.000Z,Croda,Funder,,,,['recwRneScH1rtvqIS'],,"['Science', 'Healthcare']",['International'],['reclBtbBgbq865o4b'],Croda,['Grants'],,1,Pharma,https://www.croda.com/en-gb
recPLKR2EoqhQk7IP,2023-12-08T10:11:50.000Z,Slack,Funder,,,,['recK7jcLjFhUCtCFP'],,['Nonprofits'],['International'],['recYFMuKufKPGHnmz'],Slack,['In-kind'],,2,Corporate,https://slack.com/
recPonMghDrc7HY0x,2023-12-08T08:58:26.000Z,AWS,Funder,,,"['recKrSgRe3xqRML6U', 'rec0ioyYSGKDVHcyE']",['recK7jcLjFhUCtCFP'],,['Tech'],['International'],"['recMx97U8NWjx8Ro7', 'recknzUhvUPBIw5Vo', 'recaN32KEDjiaDDSi', 'recqCJIzV1bN8MqIN', 'rec72ozXizbCakHJO']",Amazon Web Services,"['Grants', 'In-kind']",,2,Corporate,https://aws.amazon.com
recPuiszlD3eF9PAI,2023-12-08T10:11:50.000Z,Oakdale,Funder,,,,['recRkrT82pvICtRCC'],,['Science'],['International'],['recrGWFGEHw1nDpmi'],Oakdale Trust,['Grants'],,1,Foundation,https://www.oakdaletrust.org.uk/
recPwqhKNWpq2XhRR,2023-12-08T08:58:26.000Z,IOI,Funder,,,['recsWFNggsZSJkg38'],['recK7jcLjFhUCtCFP'],['recux0L5Oy1tImZVl'],['Tech'],['International'],"['recIOo0Dbr5WxMlWn', 'recMU6PrPVlSQ3hCE', 'recOrMjuMcWGM6tNh']",InvestInOpen,['Grants'],,2,Nonprofit,https://investinopen.org
recQ78u0N9ECE33EP,2023-12-08T10:11:50.000Z,GitBook,Funder,,,,['recK7jcLjFhUCtCFP'],,['Tech'],['International'],['rec8uDmhnsj5AUt32'],GitBook,['In-kind'],,2,Corporate,https://www.gitbook.com/
recQhJHOZgVpH1CbM,2023-12-08T10:11:50.000Z,Sir Halley,Funder,,,,['recRkrT82pvICtRCC'],,['Healthcare'],['International'],['reck4CeptUQueui46'],Sir Halley Steward Trust,['Grants'],,1,Foundation,https://www.sirhalleystewart.org.uk/
recR0EQnNRPUePQBR,2023-12-08T08:58:26.000Z,UoB,Collaborator,,['recbKxAjbpozJFJHu'],"['recBb7BHMpHIOwacZ', 'recDPW6jA9UnJDatl', 'recC0RfYQ7M7srYuT']",['recRzDwbpgX10xxXJ'],"['recjPfxnnYLGOGrtI', 'rec9KEnc8rfCAomRI', 'recZ1ZxBJv4alDets', 'recvUWamvcucPWSRm', 'recbXSRDZ9w0lvnx3', 'recvc7Yc6MvOmbipH']",['Science'],['Subsaharan Africa'],,University of Buea,"['Publication', 'Data']",['rec0B8iVMqENJ33Jb'],3,Academia,https://www.ub-cedd.org/
recRLAC5o2RnRrJlJ,2023-12-08T09:42:25.000Z,IMPM,Collaborator,,,['recf7F0yp5VDks9XZ'],['recRzDwbpgX10xxXJ'],,['Science'],['Subsaharan Africa'],,Institute of Medical Research and Medicinal Plant Studies,['Publication'],,3,Academia,https://impm-cm.org
recRdeKaxQvupA5hq,2023-12-08T11:25:04.000Z,Berkeley,Network,"['recFw76lpT7BWk7U2', 'recPlzwlLIitFetWg', 'recR9O8v2PZGc7gn7', 'rec7urEmZAJrCVweB']",,,['recK7jcLjFhUCtCFP'],,"['Science', 'Education']",['North America'],,Berkeley University,['Volunteers'],,2,Academia,https://www.berkeley.edu/
recRoEECdF7hITsYL,2023-12-08T08:58:26.000Z,BSC,Funder,,,,['recwRneScH1rtvqIS'],['rec5M8wvGK69Ck43w'],"['Tech', 'Science']",['International'],"['recv3lQPxVQ1tw9js', 'recJLjlgHgZkyqcl4']",Barcelona Supercomputing Centre,"['Grants', 'In-kind']",,2,Academia,https://bsc.es/
recRuIi5ASvnSpKZE,2023-12-08T08:58:26.000Z,J&J,Funder,,,['recvYOFuwpEMqxDQr'],['recK7jcLjFhUCtCFP'],,['Healthcare'],['International'],,Johnson&Johnson,['Grants'],,2,Pharma,https://www.jnj.com/global-public-health
recS6AIiAnIZSyLbv,2023-12-08T10:11:50.000Z,Research Parasite,Funder,,,,['recK7jcLjFhUCtCFP'],,['Science'],['International'],['rec2ZDm8mYmdOvTye'],Research Parasite,['Grants'],,1,Academia,https://researchparasite.com/
recSkzrWVrQeWbfgy,2023-12-08T09:43:42.000Z,UB,Collaborator,"['rect93vd5vGtAwBCt', 'recJq434uwuRUKGIQ']",,,['recwRneScH1rtvqIS'],"['recxkI2DzMWamOZgu', 'recBNdqCRnCKPaRCF']",['Science'],['Europe'],,University of Barcelona,['Publication'],,1,Academia,https://web.ub.edu/en/web/ub/
recU4z4gxGPnNWLs5,2024-07-01T07:28:31.000Z,OTF,Funder,,,,['recK7jcLjFhUCtCFP'],,['Tech'],['International'],['recizuv8LRl68jrUv'],Open Technology Fund,['Grants'],,2,Foundation,https://www.opentech.fund
recUghmYGzXylvnSl,2023-12-08T08:58:26.000Z,SN,Funder,,,['recvDSH9CjnJ6IkYa'],['recK7jcLjFhUCtCFP'],,['Tech'],['International'],,ServiceNow,['In-kind'],,1,Corporate,https://www.servicenow.com/company/global-impact.html
recUkTndzXoqAvJDg,2023-12-08T12:24:57.000Z,RDA,Network,,['rec5OR1OvpJ9lcSLS'],,['recp211DQg6PMJmgp'],['recjlrgQmIyZiRz79'],['Tech'],['Europe'],,Research Data Alliance,['Conference'],,1,Nonprofit,https://www.rd-alliance.org/
recUoopwGWzWbCkA3,2024-06-26T15:47:33.000Z,Konvent,Network,,,,['recwRneScH1rtvqIS'],['recHrFSBebTvrdWaC'],['Tech'],['International'],,Konvent,,,1,Nonprofit,https://konventzero.com/
recUzgzaVBWuyFksA,2024-05-27T06:31:51.000Z,Nature Publishing Group,Network,,,['recZRnDWPRsw3EY9p'],['recRkrT82pvICtRCC'],,['Science'],['International'],,Nature,['Publication'],,3,Academia,nature.com
recVOf7EbwGGXT3md,2023-12-08T08:58:26.000Z,Midlands,Collaborator,,,['recZBWSvtyX1rsTrt'],['recXpQWmlKyCwC8KZ'],,['Science'],['Subsaharan Africa'],,Midlands State University,['Publication'],,3,Academia,https://ww5.msu.ac.zw/
recVaIRwIc53m8DoG,2023-12-08T08:58:26.000Z,Splunk,Funder,,,"['recSGyltnJ8iebqNT', 'recFUvgXqtyMHiUOg', 'recq6JkQVBaFYmRaM']",['recK7jcLjFhUCtCFP'],,['Tech'],['International'],"['recAm6N3xmBP56mGo', 'rec6m8HSzVxRbhmBK', 'recfYipwnQn19tCu8', 'recuWumbIRWo5OBiv']",Splunk,"['In-kind', 'Donation']",,2,Corporate,https://www.splunk.com/
recVtVQWFiyQ22ByP,2024-01-03T09:57:02.000Z,Biogen,Funder,,,,['recK7jcLjFhUCtCFP'],,['Healthcare'],['International'],,Biogen Foundation,['Grants'],,1,Foundation,https://www.biogen.com/company/biogen-foundation.html
recVyf3paYaQiDcEb,2024-02-28T10:08:54.000Z,CEA-PCMT,Collaborator,,,['recfjjI1ilpCp0ZTF'],['reczIuRyApKfy8Ao4'],,['Science'],['Subsaharan Africa'],,Centre d’Excellence Africain pour la Prévention et le Contrôle des Maladies Transmissibles,['Publication'],,2,Academia,https://cea-pcmt.org/
recW4pTwfBETXehor,2024-01-03T14:53:15.000Z,AEI,Funder,,,,['recwRneScH1rtvqIS'],,['Science'],['Spain'],['rech7Z9AdnDCwwXdd'],Agencia Estatal de Investigación,['Grants'],,3,Government,https://www.aei.gob.es/
recWDrB2jvAUGCLnn,2024-01-03T09:34:33.000Z,Addax&Oryx,Funder,,,,['rec4R0jfQw61IswGM'],,"['Healthcare', 'Education']",['Subsaharan Africa'],,Addax and Oryx Foundation,['Grants'],,2,Foundation,https://addax-oryx-foundation.org/en/submit-a-project
recWJLQWFfKbfBiUo,2023-12-08T11:23:07.000Z,GDI,Network,"['recxPUzscyXAWKuRa', 'recnIB1Gjl06vZNz7', 'recxD5bRn4ha5pIut', 'rec5tJqH6R8tZN92D']",,,['recBiWCG8kTIIsASq'],,"['Tech', 'Nonprofits']",['International'],,Good Data Institute,['Volunteers'],,3,Nonprofit,https://www.gooddatainstitute.com/
recWsp03uZkpbplbT,2024-04-03T10:38:25.000Z,FAIR-IMPACT,Funder,,,,['recwRneScH1rtvqIS'],,['Tech'],['Europe'],['reczlsrNalO5ZRIz6'],FAIR-IMPACT,['Grants'],,2,Government,https://fair-impact.eu/
recX2RB9hIPY0DU5L,2023-12-08T11:54:10.000Z,OBF,Network,,,,['recK7jcLjFhUCtCFP'],"['recNSIdiTWTVXGO5k', 'recX08NTISmb4cUlu']","['Science', 'Tech']",['International'],,Open Bioinformatics Foundation,['Conference'],,1,Nonprofit,https://www.open-bio.org/
recX5mtTh9T0aDJmh,2023-12-08T09:44:51.000Z,SNS,Collaborator,,,['recZozdc1BWt0XVr9'],['recXP7lWp9iOBj9JT'],,['Science'],['Europe'],,Scuola Normale Superiore,['Publication'],,1,Academia,https://www.sns.it/it
recX9ohOVs7DeS1IR,2023-12-08T08:58:26.000Z,Bloomberg,Funder,,,,['recK7jcLjFhUCtCFP'],,['Tech'],"['International', 'North America']",,Bloomberg,['Donation'],,1,Corporate,https://www.bloomberg.org/corporate-philanthropy/
recXEtQtLdg499DvZ,2023-12-08T08:58:26.000Z,FID,Funder,,,,['recQUsl19SQuUMDLf'],,['Nonprofits'],['International'],,Fund for Innovation in Development,['Grants'],,3,Foundation,https://fundinnovation.dev/en/
recXj51Yl5EHQ4ZVC,2023-12-08T08:58:26.000Z,BMGF,Funder,,,"['rec7okAtlY98tfXgN', 'rec4yF1s1ze3DC022']",['recK7jcLjFhUCtCFP'],['rec0NasFjCICQWOvv'],"['Healthcare', 'Science']",['International'],"['rec5Y1XqU6nVNp6KR', 'recaXdEC546wVxxUG', 'recAcRnD0jAgDcHpc', 'recphosvzd94AIh8Q', 'rec69QIovNNEgN7z5']",Bill and Melinda Gates Foundation,['Grants'],['recgbfjw2w5TTdtUx'],3,Foundation,https://www.gatesfoundation.org/
recYcGDsm8jy1QBWB,2023-12-08T09:43:46.000Z,IRBB,Collaborator,['recJHgeRXFjb01VvN'],,['recTXBu1UARMSBB6O'],['recwRneScH1rtvqIS'],['recAErdvRPwC0jRcx'],['Science'],['Europe'],,Institut de Recerca Biomedica de Barcelona,['Publication'],,1,Academia,https://www.irbbarcelona.org/en
recYj5eJn2xaueD22,2023-12-08T08:58:26.000Z,FFWD,Funder,,,['recSDPT1MGA48W7PW'],['recK7jcLjFhUCtCFP'],"['recMcamWjzVW1UkFD', 'recgamBJhoUKITs5j', 'reccd0gG1NOvGKUIA']",['Tech'],"['International', 'North America']","['recFWshujFQxRbTLH', 'rec4SDcqhA5q11HTX']",Fast Forward,"['Grants', 'Donation']",,3,Accelerator,https://www.ffwd.org
recYsVZiGBEuNoU5n,2024-01-12T16:43:18.000Z,Stellenbosch,Collaborator,,,['recLAFHvPtaItnPRF'],['recRQg6CKP5JbtGhK'],,['Science'],['Subsaharan Africa'],,Stellenbosch University,"['Publication', 'Data']",['recgbfjw2w5TTdtUx'],2,Academia,https://www.sun.ac.za/english
recYvD3nrzgXEnivf,2023-12-08T08:58:26.000Z,AgencyFund,Funder,,,,['recK7jcLjFhUCtCFP'],,"['Nonprofits', 'Healthcare']",['Subsaharan Africa'],['recZYWufNc9USTw37'],Agency Fund,['Grants'],,3,Foundation,https://www.agency.fund/investments
recZDgIs2LM15v1fB,2023-12-08T10:11:50.000Z,Fat Beehive,Funder,,,,['recRkrT82pvICtRCC'],,['Tech'],['International'],['recnGoQvA4bBXWjX3'],Fat Beehive Foundation,['Grants'],,1,Foundation,https://www.fatbeehive.com/
recZR55TQCvoHqOIN,2023-12-08T10:11:50.000Z,TED,Funder,,,,['recK7jcLjFhUCtCFP'],,['Nonprofits'],['International'],['rec8QTDrM5U3TMUvB'],"Technology, Entertainment, Design",['Conference'],,1,Nonprofit,https://www.ted.com/
recZUpZ2U13Ij8LVq,2023-12-08T10:11:50.000Z,DigitalLift,Funder,,,,['recK7jcLjFhUCtCFP'],,['Tech'],['International'],['recQl32a7e0zB8wEt'],Digital Lift,['Grants'],,2,Corporate,https://www.digital-lift.org/
reca4nVHNoyYiI4iu,2023-12-08T08:58:26.000Z,RSTMH,Funder,,,,['recRkrT82pvICtRCC'],,['Healthcare'],['Subsaharan Africa'],"['recavBC3ytf1qpOJx', 'recddIfJ4Zi8Qrqz7']",Royal Society of Tropical Medicine and Hygene,['Grants'],,2,Academia,https://rstmh.org/
reca8uFgljd1j4FfW,2023-12-08T08:58:26.000Z,SSI,Funder,,['recXyyBqFRmDjpTYp'],['recXFqch18XVHX4y5'],['recRkrT82pvICtRCC'],"['recMhnFomrHMK9oSb', 'recSLzfwKy2nshxdQ']","['Tech', 'Science']",['Europe'],"['recMUXzRJHbBOiNj8', 'recnvenbOlX0IG2FS', 'rec0B3KW9C8ijzQrl']",Software Sustainability Institute,['Grants'],,3,Academia,https://software.ac.uk
recad9LiYLMDUhDEX,2023-12-08T08:58:26.000Z,OLS,Network,['recGCOUSJHNDpqkLS'],,['recmjcVEO2EUZLEQF'],['recRkrT82pvICtRCC'],['rec6LWqtw3f1eSJUW'],"['Science', 'Diversity', 'Education']",['International'],['recdo7kq1FUu52Fze'],Open Life Sciences,"['Conference', 'In-kind', 'Volunteers']",,3,Nonprofit,https://openlifesci.org
recagXHPpFZw6LKjL,2023-12-08T12:02:51.000Z,ACS,Network,,,,['recK7jcLjFhUCtCFP'],['recZSKkv0TSy9fL3U'],['Science'],['International'],,American Chemical Society,['Publication'],,1,Academia,https://www.acs.org/
recbX6SLp9hUobuhJ,2023-12-08T10:11:50.000Z,Tweag,Funder,,,,['recK7jcLjFhUCtCFP'],,['Tech'],['International'],['recKw57lkqvO2jM05'],Tweag,['Grants'],,1,Corporate,https://www.tweag.io/
reccWwoxBeg5Z1NBL,2024-01-03T11:38:08.000Z,Aurora,Funder,,,,['recK7jcLjFhUCtCFP'],,['Tech'],['North America'],['recGvi3qHMzjH0zFl'],Aurora Tech,"['In-kind', 'Grants']",,2,Corporate,https://aurora.tech/
reccs1nPauETWOU6O,2024-02-23T06:59:21.000Z,MRC,Funder,,,,['recRkrT82pvICtRCC'],,['Science'],['International'],['recOrOPusLioGDQx4'],Medical Research Council,['Grants'],,2,Government,https://www.ukri.org/councils/mrc/
reccyKQRMVnciHBjL,2023-12-08T09:44:14.000Z,ISGlobal,Collaborator,,,"['recffUA2qCEJVC7O4', 'recwDSirLcpfBaGtB']",['recwRneScH1rtvqIS'],,['Science'],"['International', 'Subsaharan Africa']",,Institut de Salut Global,['Publication'],,3,Academia,https://www.isglobal.org/en/
recd7md1dKVPVLn42,2023-12-08T08:58:26.000Z,ABAC,Collaborator,,,['recXCTMALUhmrItfP'],['recwRneScH1rtvqIS'],,['Science'],['International'],,ABAC Therapeutics,"['Grants', 'Data', 'Publication']",,3,Pharma,https://abactherapeutics.com/
recdgMbysSEnb7prA,2024-01-02T14:31:21.000Z,Norrsken,Funder,,,,['recwRneScH1rtvqIS'],,['Tech'],['International'],,Norrsken,['Grants'],,2,Nonprofit,https://www.norrsken.org/
recdtZXPofDhKR05d,2023-12-08T08:58:26.000Z,KEMRI,Collaborator,,,"['recRzw5O1nUlghzqM', 'recYNSXwmuhOcTkRS', 'recOkNQGmTDQnmqO9']",['rec04FOULJyRzLm4J'],,"['Science', 'Healthcare']",['Subsaharan Africa'],,Kenya Medical Research Institute,['Publication'],,3,Academia,https://www.kemri.go.ke/
rece3jh476oqm5DhZ,2023-12-08T12:19:28.000Z,LinuxFoundation,Network,,"['recnSf8mQKh9RSwqi', 'recPPsTSoqizJMEe5']",,['recK7jcLjFhUCtCFP'],['recp4IS3M1fwictCc'],['Tech'],['International'],,Linux Foundation,['Conference'],,1,Nonprofit,https://www.linuxfoundation.org/
receAceePBVtZ5CjI,2023-12-08T08:58:26.000Z,USP,Collaborator,,,['reccjMxG6bQKHtoYG'],['rec7nPBGCo6VKUxhT'],,['Science'],['South America'],,Universidade de São Paulo,['Publication'],['recKVPsezv5sK9kpM'],2,Academia,https://www5.usp.br/
receWK8hNCuNfyreF,2023-12-08T08:58:26.000Z,Rodenberry,Funder,,,,['recK7jcLjFhUCtCFP'],,['Nonprofits'],['International'],"['rec17pscgYnJN79LP', 'recBw48NSvqJDFYAH']",Rodenberry Foundation,['Prize'],,2,Foundation,https://roddenberryfoundation.org/
recfeB9FaiVITBmWV,2024-02-22T15:39:22.000Z,CNPq,Funder,,,,['rec7nPBGCo6VKUxhT'],,['Science'],['South America'],['rec9AKcRRWIWPM5GX'],Brazilian National Council for Scientific and Technological Development,['Grants'],['recKVPsezv5sK9kpM'],2,Government,https://www.gov.br/cnpq/pt-br
recfsCHWchHdu0ABJ,2023-12-08T11:45:20.000Z,Origami,Network,,,,['rec4R0jfQw61IswGM'],['recl5mYzAqIe7iDkB'],['Tech'],['Europe'],,Origami Lab,['Conference'],,1,Nonprofit,https://opencollective.com/origamilab
recgBdR15VKoDRi0n,2023-12-08T11:53:55.000Z,Trend,Network,,,,['recRkrT82pvICtRCC'],['rec0NKnoJnzuITtib'],['Education'],['Subsaharan Africa'],,Trend In Africa,['Conference'],,1,Nonprofit,https://trendinafrica.org/
recgFCccNkz825cBc,2023-12-08T08:58:26.000Z,Audacious,Funder,,,,['recK7jcLjFhUCtCFP'],,['Nonprofits'],['International'],['recmdRdtbNXwwrvrk'],Audacious Project,['Grants'],,3,Accelerator,https://www.audaciousproject.org/
recgWvgVvFFqinyC1,2023-12-08T11:22:51.000Z,Stanford,Network,"['recBSFFROTlVUCMPA', 'recOiLDSjjBBX82J9', 'recWJVBEuhVUka5v3', 'rec4KoiM9mWaw2DKz', 'recVl3SQtJWZ7CJFJ', 'recGNFhPA6v4BReV8', 'recyWXyQ8wgb6UxFr', 'recdJBlh5s5T3Hci1', 'rec3YXdJHdXPe7Tw9', 'recGRxXwYvzyCc5jD']",,,['recK7jcLjFhUCtCFP'],,"['Science', 'Education']",['North America'],,Stanford University,['Volunteers'],,2,Academia,https://www.stanford.edu/
rech2GsmLhn0kFgqS,2023-12-08T12:04:35.000Z,NumFocus,Network,,,,['recK7jcLjFhUCtCFP'],"['rec79n9l0x9dovzv1', 'reccWXVXByj6tVrYW']","['Science', 'Tech']",['International'],,NumFocus,['Conference'],,1,Nonprofit,https://numfocus.org/
rechOdAVxAck6X3Qj,2024-06-12T20:13:30.000Z,Halcyon,Funder,,,['recjfA8GNwsCBQiHb'],['recK7jcLjFhUCtCFP'],,"['Tech', 'Nonprofits']",['North America'],,Halcyon Futures,['Grants'],,1,Corporate,https://www.halcyonfutures.com/
rechRLvRmZwLDtB8D,2023-12-08T10:11:50.000Z,Astor,Funder,,,,['recRkrT82pvICtRCC'],,['Science'],['International'],['recSdb14eqzqcHzaP'],Astor Foundation,['Grants'],,1,Foundation,https://sites.google.com/view/astorfoundation/home
recj7Ph0J9qGlSHdq,2023-12-08T08:58:26.000Z,LSE100X,Funder,,,,['recRkrT82pvICtRCC'],,"['Nonprofits', 'Tech']",['International'],"['recwAEnF0fP19Dz1z', 'recWfp8Qccv2bKeUz', 'recANgQFb8UfG1Vg9']",London School of Economics 100X,['Grants'],,3,Accelerator,https://www.100ximpact.org/
recjJo5X2oEnA5ylZ,2023-12-08T10:11:50.000Z,UKAID,Funder,,,,['recRkrT82pvICtRCC'],,"['Healthcare', 'Science']",['Subsaharan Africa'],['recWDhCfErMkcRF4n'],UK AID,['Grants'],,1,Government,https://www.ukaiddirect.org/
recjMp3jpOeYz2Bcq,2024-05-29T02:58:55.000Z,Panorama,Funder,,,['recwwScRjABIspjhh'],['recK7jcLjFhUCtCFP'],,['Science'],['International'],,Panorama Global,['Grants'],,2,Nonprofit,https://www.panoramaglobal.org/
recjYQiIVFJPSEGHA,2023-12-08T08:58:26.000Z,YC,Funder,,,,['recK7jcLjFhUCtCFP'],,['Tech'],['International'],"['recDreKIhZPJnVTtK', 'recxYzAOubcboumWW']",YCombinator,['Grants'],,2,Accelerator,https://www.ycombinator.com/
recjfOwwI6c3Ehs7N,2023-12-08T08:58:26.000Z,Echoing Green,Funder,,,,['recK7jcLjFhUCtCFP'],,['Nonprofits'],['International'],"['recyL6Xgho5a65e2x', 'rec34zOHhSP1eIYLe']",Echoing Green,['Grants'],,3,Accelerator,https://echoinggreen.org/
recjwZFDoPIrgECUB,2023-12-08T10:11:50.000Z,FundOSS,Funder,,,,['recK7jcLjFhUCtCFP'],,['Tech'],['International'],['recszWvQiqHGJR2vJ'],Fund Open Source Software,['Grants'],,1,Nonprofit,https://opencollective.com/fundoss
recjyzrMvheopTdxf,2023-12-08T11:27:44.000Z,UB,Collaborator,['reccFDoEHufKOZRUq'],,,['recRkrT82pvICtRCC'],,['Science'],['Europe'],,University of Bristol,['Publication'],,2,Academia,https://www.bristol.ac.uk/
reck6U0K2KZBbBwDO,2023-12-08T10:11:50.000Z,HSF,Funder,,,,['recK7jcLjFhUCtCFP'],,"['Science', 'Healthcare']",['Europe'],['recNEtIxaADLQHH2u'],Hospital Saturday Fund,['Grants'],,1,Foundation,https://hospitalsaturdayfund.org/
reclWUUCAvsEK1RIG,2023-12-08T09:41:28.000Z,H3D,Collaborator,,,['recWdwbVGhD3X4omP'],['recRQg6CKP5JbtGhK'],"['recF5tAwB3nSmItgy', 'recTp1NXsZfzzhAo5']",['Science'],['Subsaharan Africa'],,Holistic Drug Discovery and Development Center,['Publication'],"['reciysjMJMmXg91sh', 'recbmtUj38OZld55J', 'recDb7PGcVz7Cvfbr']",3,Academia,https://h3d.uct.ac.za/
recmEM4V5m8c5S4wX,2024-05-27T08:54:43.000Z,Liverpool ChiroChem,Network,,,['rec3kY6Omr2BkUH1Y'],['recRkrT82pvICtRCC'],,['Science'],['International'],,Liverpool Chirochem,['Consulting'],,1,Pharma,https://www.liverpoolchirochem.com/
recmQrJjdjV83NgJ1,2024-05-16T07:21:32.000Z,Docker,Funder,,,,['recK7jcLjFhUCtCFP'],,['Tech'],['International'],['rec5hYyv6Zn4NVcEm'],Docker,"['In-kind', 'Donation']",,2,Corporate,https://www.docker.com/
recnFzohqlUhBndzl,2023-12-08T11:45:57.000Z,UN,Funder,,,,['recK7jcLjFhUCtCFP'],"['recEWqK6S6hdceaC4', 'recXRBi7ggXoXFgtM']","['Science', 'Healthcare', 'Education']",['International'],,United Nations,['Grants'],,1,Government,https://www.un.org/en/
recnaVIlum3IshPEB,2023-12-08T08:58:26.000Z,IF,Funder,,,,['recK7jcLjFhUCtCFP'],,['Healthcare'],['Subsaharan Africa'],,Isdell Flowers Foundation,['Donation'],,2,Foundation,https://www.mcgovern.org/
recnqzLS2CrJ4oNtx,2023-12-08T11:20:08.000Z,Harvard,Network,"['recHJ92g2p7BGRm2f', 'reccGaJ1eH2YubPRu', 'recMMGK6x768ekhHb', 'recHcVMCmg4rPz6mE', 'recbu5mZZkfsK83RO', 'rec8RULytza2s6Eai', 'recegAzhP9xHbpqB0', 'recWq5NgiX6e8xbKj', 'recowWZypY4CIS2xY', 'recIyxJBUlaHffzHq', 'recV5HXLOcf7QpKeo', 'recjv2Sg2Dkx2xFUM', 'recqgyaZZCtk4SsmP', 'recyvCGbYUpmtUgsu', 'recYo8ci8TCkjKXl4', 'recDMUprspDuUYSJN', 'recMzS9IoCvN1Kg79']",,,['recK7jcLjFhUCtCFP'],,"['Science', 'Education']",['North America'],,Harvard University,['Volunteers'],,2,Academia,https://www.harvard.edu/
recoSBdhhPMxywlOx,2024-02-22T13:55:38.000Z,IRDPMAG,Collaborator,,,['rec940RR1FjcxB5Qi'],['reczIuRyApKfy8Ao4'],,['Science'],['Subsaharan Africa'],,Institut de recherche et developpement des plantes médicinales et alimentaires de Guinée ,['Publication'],,1,Academia,https://irdpmag.edu.gn/
recoWiGipkDQpj945,2023-12-08T09:43:33.000Z,Apex,Collaborator,,,,['rec2zDKGckhbeCGqE'],,['Science'],['Subsaharan Africa'],,Lusaka Apex University,['Publication'],,2,Academia,https://lamu.edu.zm/
recorSE1oeqjRXcrb,2023-12-08T08:58:26.000Z,Dell,Funder,,,"['recRYpcKQZbsVWVUK', 'rectD4Lbe2FZdsCRM', 'rec78vW0j0WFAcLgE', 'recCzewVe0YLANhzF', 'recNtDM4cfNASh29X', 'recLpaX6JYZDwF1OA', 'recPYm2qPCFh5Aygr', 'recVuKOFJkhYJFwZs']",['recK7jcLjFhUCtCFP'],,['Tech'],['International'],,Dell Technologies,"['Donation', 'Material']",,2,Corporate,https://www.dell.com/en-us/dt/corporate/social-impact.htm#tab0=0
recp6V0BYrr7xtno7,2023-12-08T08:58:26.000Z,Meta,Funder,,,,['recK7jcLjFhUCtCFP'],,['Tech'],['International'],['recHFeO4uxL0jawr6'],Meta,['Grants'],,3,Corporate,meta.com
recpMeRbyXCk1Ku5P,2023-12-08T08:58:26.000Z,PershingSquRE,Funder,,,['recWaG7yC0DYsTAIS'],['recK7jcLjFhUCtCFP'],,['Healthcare'],['International'],,The Pershing Square Foundation,['Grants'],,3,Foundation,https://pershingsquarefoundation.org/
recpSb764HFyImbds,2023-12-08T08:58:26.000Z,MMV,Funder,,['recF9cS30y5CScs6o'],"['recd2cKNMy00A7fW0', 'recUSzvVzX2dT5RYx']",['rec4R0jfQw61IswGM'],,"['Science', 'Healthcare']",['International'],,Medicines for Malaria Venture,['Grants'],,3,Foundation,https://mmv.org
recpT7uPpqYwIogTS,2023-12-08T09:48:04.000Z,H3DFoundation,Collaborator,['recZxEgJU1iaaWw0U'],,,['recRQg6CKP5JbtGhK'],"['recp2hIYWIey7mmMI', 'rec2vV2t0pwIK0zi7', 'recOHu4wOBInYQPdW', 'recIcxUiLwWig49SP']","['Science', 'Education']",['Subsaharan Africa'],,H3D Foundation,"['In-kind', 'Grants']",,3,Nonprofit,https://h3dfoundation.org/
recprfgLikJKHgPGE,2024-08-12T13:22:39.000Z,GHIT,Funder,,,,['recUCamAw3uIx5nz7'],,"['Healthcare', 'Science']",['Subsaharan Africa'],['rec3dk2gfBxrr2XGH'],Global Health Innovation Fund,['Grants'],,2,Foundation,https://www.ghitfund.org/
recqhZBk9Jjh2BSvf,2023-12-08T08:58:26.000Z,Twilio,Funder,['rec7HtcQhidauPTtV'],,"['recLxFll20mEJsGZe', 'recNghm7eyHoyUI1q', 'recJ4RLWoEL37BpjW']",['recK7jcLjFhUCtCFP'],,['Tech'],['International'],,Twilio,['Volunteers'],,1,Corporate,https://www.twilio.org
recqxgLZagNKT89Yf,2024-08-06T06:59:52.000Z,Datum,Network,,,['recBgXDq6HKPQTrVg'],['recRkrT82pvICtRCC'],,"['Science', 'Healthcare']",['International'],,Datum,['Data'],['recDb7PGcVz7Cvfbr'],2,Pharma,datum.bio
recrECfutZL7KSxQ9,2024-05-27T09:54:34.000Z,GARDP,Funder,,,['recVjVD8lF6LVYCzb'],['rec4R0jfQw61IswGM'],,['Science'],['International'],,GARDP,['Grants'],,2,Nonprofit,gardp.org
recrGPkQ0GHoyTqG6,2023-12-08T08:58:26.000Z,Abundance Foundation,Funder,,,,['recK7jcLjFhUCtCFP'],,['Healthcare'],['International'],,Abundance Foundation,['Grants'],,1,Foundation,https://www.abundance.org/health/
recrSzJLzRAOBjryc,2024-02-22T16:09:08.000Z,H3D,Collaborator,,['recFD0bpcm4ciMKQ4'],,['recRQg6CKP5JbtGhK'],,['Science'],['Subsaharan Africa'],,H3D Center,"['Grants', 'Publication', 'Data']",,3,Academia,https://h3d.uct.ac.za/
recrtD9MMygtBRkh7,2023-12-08T11:46:24.000Z,Jembi,Network,,,,['recRQg6CKP5JbtGhK'],['rec1b97EUiULOM2El'],['Healthcare'],['Subsaharan Africa'],,Jembi Health Systems,['Data'],,1,Nonprofit,https://www.jembi.org/
recscFsco8Q40pKgH,2023-12-08T10:11:50.000Z,GSK,Funder,,,,['recK7jcLjFhUCtCFP'],,"['Science', 'Healthcare']",['International'],['recdkvekwfn92G6nS'],GlaxoSmithKine,['Grants'],,1,Pharma,https://www.gsk.com/en-gb/
recsqfLFyoqOzFtYv,2024-05-29T02:52:28.000Z,Leiden University,Collaborator,,,['recvgVv7SljYqkAdm'],['recFs1g9UXjm0pT37'],,['Science'],['International'],,Leiden University,['Publication'],,1,Academia,https://www.universiteitleiden.nl/en
recsuFfjassNyIu5r,2023-12-08T10:11:50.000Z,MWC,Funder,,,,['recK7jcLjFhUCtCFP'],,['Tech'],['International'],['recjO06XAlevdFgKZ'],Mobile World Congress,['Conference'],,1,Corporate,https://www.mwcbarcelona.com/
rectCJ5EJ9PKGfTIr,2024-09-26T22:35:55.000Z,Insilico,Network,,,['receCYjY543DPVaCQ'],['recFo93ku0tE1VUgb'],,['Science'],['International'],,Insilico Medicine,['Publication'],,1,Pharma,https://insilico.com/
rectEvTgqsamQOosD,2023-12-08T10:11:50.000Z,USERN,Funder,,,,['recK7jcLjFhUCtCFP'],,"['Education', 'Science']",['International'],['recUzKsdsn8MLETrT'],Universal Scientific Education and Research Network,['Prize'],,1,Academia,https://usern.tums.ac.ir/
rectQfFyYpHKqYaGr,2023-12-08T09:42:10.000Z,MboaLab,Collaborator,,,,['recRzDwbpgX10xxXJ'],['recj1RVaVhfwFxOTr'],['Science'],['Subsaharan Africa'],,Mboa Lab,['Publication'],,2,Academia,https://mboalab.net/
rectRemc3bU46MGtX,2023-12-08T11:53:48.000Z,KU,Collaborator,,,,['rec04FOULJyRzLm4J'],['recA5eAlpmWNjGQeu'],['Science'],['Subsaharan Africa'],,Kenyatta University,['Publication'],,2,Academia,https://www.ku.ac.ke/
rectXZdKMXiXrl61S,2024-10-04T07:50:34.000Z,Migracode,Network,,,['reckURaDTHhowAPks'],['recwRneScH1rtvqIS'],,['Education'],['Europe'],,Migracode,['Volunteers'],,2,Nonprofit,https://migracode.org/
recufKZgZ42sJtlDV,2023-12-08T08:58:26.000Z,CIDRZ,Collaborator,,,"['recyqorx6SHmganEh', 'recFLR2wJqRONGodQ']",['rec2zDKGckhbeCGqE'],,['Healthcare'],['Subsaharan Africa'],,Centre for Infectious Diseases Zambia,"['Publication', 'Data']",,2,Academia,https://cidrz.org
reculURo2deuOUoIv,2024-06-03T07:08:39.000Z,Ford,Funder,,,,['recK7jcLjFhUCtCFP'],,['Tech'],['International'],['rec9GZTnxkp9o3xXK'],Ford Foundation,"['Grants', 'Donation']",,3,Foundation,https://www.fordfoundation.org/
recuqWzQCddQpf64b,2024-08-26T13:52:56.000Z,Campus Founders,Funder,,,,['rec09pnHpHhsbuFmH'],,['Tech'],['Europe'],['recSCQuFoBFd8jkL9'],Campus Founders,['Grants'],,1,Accelerator,https://campusfounders.de/
recw2SShQ2Ftq2Nb2,2024-05-20T15:49:22.000Z,Novartis,Funder,,,,['rec4R0jfQw61IswGM'],,['Science'],['International'],['recdkvekwfn92G6nS'],Novartis,['Grants'],,2,Pharma,https://www.novartis.com/
recwMx5zzqI9w2RFn,2023-12-08T08:58:26.000Z,TheFore,Funder,,,,['recRkrT82pvICtRCC'],,['Healthcare'],['International'],"['recJfexsUHpPAubTN', 'recHaVg0ZaLyi3Yhx']",The Fore,['Grants'],,2,Foundation,https://thefore.org/
recwTHOQpELBDf2Qz,2023-12-08T10:11:50.000Z,NIH,Funder,,,,['recK7jcLjFhUCtCFP'],"['recZWIY0kK73qMdMK', 'reccGtDBHX41h6prT', 'recM5yaJIQIAFhS8L']","['Science', 'Healthcare']","['International', 'Subsaharan Africa']","['recNfERwpCX1zuwSy', 'recmuD0NzAQoda0VS', 'recDtSL899CgeVnKj', 'recS0ua9VazZKAHz5', 'reccYyi31lII3OSt2', 'recXPP45RGgmvh2zz']",National Institutes of Health,['Grants'],,2,Government,https://www.nih.gov/
recwVztiKBTE0GaCP,2023-12-08T12:32:29.000Z,Museu Darder,Network,,,,['recwRneScH1rtvqIS'],['recQBe9UKjfewZK1M'],['Nonprofits'],['Europe'],,Museu Darder,['Conference'],,1,Nonprofit,https://visitmuseum.gencat.cat/es/museu-darder-espai-d-interpretacio-de-l-estany
recwc1p07vzXT0qwR,2023-12-08T08:58:26.000Z,CZI,Funder,,,['reczgCfdrADAiHZg6'],['recK7jcLjFhUCtCFP'],,"['Tech', 'Science']",['International'],"['recuomgyGtfpRJVyJ', 'rec3ZCUSwxmfU8kSH', 'rectGq2N3HZouG4JY', 'recAY8OeLkVCYRgSW', 'recwoDuRGthGZ8zeQ']",Chan-Zuckerberg Initiative,['Grants'],,3,Foundation,https://chanzuckerberg.com/
recwk3lnzglGJqCg3,2023-12-08T08:58:26.000Z,McGovern,Funder,,,,['recK7jcLjFhUCtCFP'],,"['Healthcare', 'Tech']",['International'],['recBdrAfoXe28r4gn'],McGovern Foundation,['Grants'],,3,Foundation,https://www.mcgovern.org/
recwkPr3knwW5c6Ho,2023-12-08T09:42:45.000Z,Ngouchi,Collaborator,,,,['recR0UMr1OO5Glynp'],,['Science'],['Subsaharan Africa'],,Ngouchi Memorial Institute for Medical Research,['Publication'],,3,Academia,https://noguchi.ug.edu.gh/
recwpEYXL3A3CySqe,2023-12-08T10:11:50.000Z,NTEN,Funder,,,,['recK7jcLjFhUCtCFP'],,"['Nonprofits', 'Tech']",['International'],"['recQAxpXrdIh0GDh5', 'recccCjGBpI42Cq6i']",Nonprofit Technology Network,,,1,Nonprofit,https://www.nten.org
recwqpZc7f6zLKFlf,2023-12-08T08:58:26.000Z,AutoDesk,Funder,,,['recJTO6G5DECsDKtW'],['recK7jcLjFhUCtCFP'],,['Tech'],['International'],,Autodesk,['In-kind'],,1,Corporate,https://www.autodesk.com/sustainability/business-operations
recx1ldLW9zSxPZqn,2023-12-08T10:11:50.000Z,HPE,Funder,,,,['recK7jcLjFhUCtCFP'],,['Nonprofits'],['International'],['reclFym61F6eapEsF'],Hewlett-Packard Enterprises,['Donation'],,3,Corporate,https://www.hpe.com/
recxOjwRh7twpWN25,2023-12-08T08:58:26.000Z,Mozilla,Funder,,,,['recK7jcLjFhUCtCFP'],['recjDERHG2XPJn5FJ'],['Tech'],['International'],"['recA4WPuBEw7GOixz', 'recBEB8ronfyk2WeC', 'rec0y22VxgpI4gnLR', 'reczEIoVJPRktodl4']",Mozilla Foundation,['Grants'],,3,Foundation,https://foundation.mozilla.org/
recxq1WElKky1p2Bf,2023-12-08T12:08:45.000Z,EMBL-EBI,Collaborator,['rec71h3GgcryADI5Z'],,"['rec6yRNg8v8cNaV5d', 'recXRMG7JRSf7OpfX']",['recRkrT82pvICtRCC'],['rechDzA223z3CEdgA'],['Science'],['Europe'],,EMBL European Bioinformatics Institute,"['Data', 'Publication']",,2,Academia,https://www.ebi.ac.uk/
recyGDzeJEoVuPowm,2023-12-08T08:58:26.000Z,Eisai,Funder,,,['recMqUrN0qu1QWtvb'],['recK7jcLjFhUCtCFP'],,['Healthcare'],['International'],,Eisai,['Grants'],,2,Pharma,https://www.eisai.com/index.html
recyeH3jbg8zjl4St,2024-01-29T08:52:29.000Z,Ministerio Ciencia,Funder,,,,['recwRneScH1rtvqIS'],,['Science'],['Spain'],['recEYbsozi6BfU0dR'],Ministerio de Ciencia Gobierno de España,['Grants'],,3,Government,ciencia.gob.es
recz4JtvQ19EmNUKw,2023-12-08T08:58:26.000Z,LipmanFamily,Funder,,,,['recK7jcLjFhUCtCFP'],,"['Education', 'Diversity', 'Tech']",['International'],,Lipman Family Prize,['Grants'],,2,Foundation,https://lipmanfamilyprize.wharton.upenn.edu/
reczCieNh9idVSJi0,2023-12-08T08:58:26.000Z,Okta,Funder,,,['recMG1nx6IZyBHCxh'],['recK7jcLjFhUCtCFP'],,['Tech'],"['International', 'North America']",['rec9NDke02fh1FZTY'],Okta,['Donation'],,1,Corporate,https://www.okta.com/responsibility/
reczDHok1ollotQfV,2023-12-08T10:11:50.000Z,Outreachy,Funder,"['recPGQvZk5mYvFoz3', 'recKH2Ejb1P9K9Umc', 'rectaI4PkUiUuZIed', 'rechvB8Ycxeq0lH3M', 'recUDby0yXMNa07pQ', 'reciPwfy7xwlO9R3s', 'recSs3iq071lgtyE9', 'recpABLOJt08ENWHy', 'rec97UCaUXSlYlEd7', 'recWEGaCriANHPN9Y', 'recps83oukNvzGPUX', 'recRmGpPHzRmIqA2w', 'recDo5NgERhiWh1S0', 'recwDQI7wvWXrxwvS', 'recfltXjBND2BXqUE', 'recTfDQgeS0EN05PA']",,,['recK7jcLjFhUCtCFP'],,"['Diversity', 'Education']","['Subsaharan Africa', 'South America', 'Central America', 'Middle East', 'Asia', 'North Africa']",['rec3iCV7RrTDfhaQZ'],Outreachy,['Volunteers'],,3,Nonprofit,https://outreachy.org
reczZnd64aCPrDZzz,2023-12-08T09:44:30.000Z,NYU-Langone,Collaborator,,,['recbr7eyLBoJr6ohL'],['recK7jcLjFhUCtCFP'],,['Science'],"['International', 'North America']",,New York University Langone,['Publication'],,1,Academia,https://nyulangone.org/
reczjfxnVL2XgBBqf,2023-12-08T08:58:26.000Z,CS&S,Funder,,,"['recF6Mhn2AMslep8p', 'recnhxHiD2aEY1LSg']",['recK7jcLjFhUCtCFP'],['recZ7iWCVOsYzhn3R'],"['Tech', 'Diversity']",['International'],"['recyAEHqq9dvKaUdN', 'recdyvUrj1fBynBHv', 'reccRw5L5yihVjvUD']",Code for Science and Society,['Grants'],,3,Accelerator,https://codeforscience.org/
